"cell","left","top","right","bottom","GD_mean","GD_median","nb_species","nb_indv_mean","nb_indv_median","nb_indv_sd"
1062,-1.45675304452e7,-2.1422301365e6,-1.43675304452e7,-2.3422301365e6,0.0,0.0,1,2.0,2.0,NaN
2060,-1.19675304452e7,5.0577698635e6,-1.17675304452e7,4.8577698635e6,0.0006134969325153375,0.0,3,4.666666666666667,5.0,0.5773502691896258
2061,-1.19675304452e7,5.2577698635e6,-1.17675304452e7,5.0577698635e6,0.003680981595092024,0.003680981595092024,1,5.0,5.0,NaN
2062,-1.19675304452e7,5.4577698635e6,-1.17675304452e7,5.2577698635e6,0.0007588947939361343,0.0007588947939361343,2,3.0,3.0,1.4142135623730951
2131,-1.17675304452e7,4.4577698635e6,-1.15675304452e7,4.2577698635e6,0.0,0.0,1,2.0,2.0,NaN
2133,-1.17675304452e7,4.8577698635e6,-1.15675304452e7,4.6577698635e6,0.014826175869120654,0.014826175869120654,2,3.0,3.0,0.0
2136,-1.17675304452e7,5.4577698635e6,-1.15675304452e7,5.2577698635e6,0.002044989775051125,0.002044989775051125,1,3.0,3.0,NaN
2138,-1.17675304452e7,5.8577698635e6,-1.15675304452e7,5.6577698635e6,0.0018309191514963674,0.0018309191514963674,1,5.0,5.0,NaN
2204,-1.15675304452e7,4.2577698635e6,-1.13675304452e7,4.0577698635e6,0.003680981595092025,0.003680981595092025,1,5.0,5.0,NaN
2205,-1.15675304452e7,4.4577698635e6,-1.13675304452e7,4.2577698635e6,0.001806407634628494,0.002044989775051125,3,3.3333333333333335,3.0,1.5275252316519465
2208,-1.15675304452e7,5.0577698635e6,-1.13675304452e7,4.8577698635e6,0.0007668711656441718,0.0007668711656441718,2,3.0,3.0,1.4142135623730951
2211,-1.15675304452e7,5.6577698635e6,-1.13675304452e7,5.4577698635e6,0.0,0.0,1,5.0,5.0,NaN
2212,-1.15675304452e7,5.8577698635e6,-1.13675304452e7,5.6577698635e6,0.004608294930875576,0.004608294930875576,1,2.0,2.0,NaN
2213,-1.15675304452e7,6.0577698635e6,-1.13675304452e7,5.8577698635e6,0.003112228783629873,0.003112228783629873,1,5.0,5.0,NaN
2356,-1.11675304452e7,5.0577698635e6,-1.09675304452e7,4.8577698635e6,0.002629272567922875,0.002629272567922875,2,5.5,5.5,2.1213203435596424
2430,-1.09675304452e7,5.0577698635e6,-1.07675304452e7,4.8577698635e6,0.0,0.0,1,4.0,4.0,NaN
2570,-1.05675304452e7,3.4577698635e6,-1.03675304452e7,3.2577698635e6,0.004629629629629629,0.004629629629629629,1,2.0,2.0,NaN
2571,-1.05675304452e7,3.6577698635e6,-1.03675304452e7,3.4577698635e6,0.0030864197530864196,0.0030864197530864196,1,5.0,5.0,NaN
2580,-1.05675304452e7,5.4577698635e6,-1.03675304452e7,5.2577698635e6,0.001226993865030675,0.001226993865030675,1,5.0,5.0,NaN
2642,-1.03675304452e7,3.0577698635e6,-1.01675304452e7,2.8577698635e6,0.0030911901081916537,0.0030911901081916537,1,2.0,2.0,NaN
2645,-1.03675304452e7,3.6577698635e6,-1.01675304452e7,3.4577698635e6,0.0010649627263045792,0.0010649627263045792,1,3.0,3.0,NaN
2648,-1.03675304452e7,4.2577698635e6,-1.01675304452e7,4.0577698635e6,0.019346515356625092,0.019346515356625092,1,5.0,5.0,NaN
2649,-1.03675304452e7,4.4577698635e6,-1.01675304452e7,4.2577698635e6,0.011844231437969175,0.011844231437969175,2,3.5,3.5,0.7071067811865476
2715,-1.01675304452e7,2.8577698635e6,-9.9675304452e6,2.6577698635e6,0.0,0.0,1,3.0,3.0,NaN
2717,-1.01675304452e7,3.2577698635e6,-9.9675304452e6,3.0577698635e6,0.0023517382413087936,0.0009202453987730062,3,4.333333333333333,5.0,1.1547005383792517
2721,-1.01675304452e7,4.0577698635e6,-9.9675304452e6,3.8577698635e6,0.014826175869120654,0.014826175869120654,2,3.0,3.0,0.0
2722,-1.01675304452e7,4.2577698635e6,-9.9675304452e6,4.0577698635e6,0.004601226993865031,0.004601226993865031,1,2.0,2.0,NaN
2723,-1.01675304452e7,4.4577698635e6,-9.9675304452e6,4.2577698635e6,0.0015337423312883436,0.0015337423312883436,1,2.0,2.0,NaN
2726,-1.01675304452e7,5.0577698635e6,-9.9675304452e6,4.8577698635e6,0.012269938650306749,0.012269938650306749,1,2.0,2.0,NaN
2787,-9.9675304452e6,2.4577698635e6,-9.7675304452e6,2.2577698635e6,0.018404907975460127,0.018404907975460127,2,4.0,4.0,1.4142135623730951
2790,-9.9675304452e6,3.0577698635e6,-9.7675304452e6,2.8577698635e6,0.0,0.0,1,2.0,2.0,NaN
2792,-9.9675304452e6,3.4577698635e6,-9.7675304452e6,3.2577698635e6,0.00408997955010225,0.00408997955010225,2,3.5,3.5,0.7071067811865476
2799,-9.9675304452e6,4.8577698635e6,-9.7675304452e6,4.6577698635e6,0.003067484662576687,0.003067484662576687,1,2.0,2.0,NaN
2800,-9.9675304452e6,5.0577698635e6,-9.7675304452e6,4.8577698635e6,0.010863979401605947,0.010118051682468862,4,5.25,4.0,4.272001872658765
2861,-9.7675304452e6,2.4577698635e6,-9.5675304452e6,2.2577698635e6,0.0,0.0,1,2.0,2.0,NaN
2862,-9.7675304452e6,2.6577698635e6,-9.5675304452e6,2.4577698635e6,0.006359300476947535,0.006359300476947535,1,3.0,3.0,NaN
2863,-9.7675304452e6,2.8577698635e6,-9.5675304452e6,2.6577698635e6,0.020289745802991137,0.004504040388667443,10,9.1,9.0,5.566766466171264
2864,-9.7675304452e6,3.0577698635e6,-9.5675304452e6,2.8577698635e6,0.019198870951511172,0.005828220858895705,5,4.8,5.0,0.8366600265340756
2865,-9.7675304452e6,3.2577698635e6,-9.5675304452e6,3.0577698635e6,0.020523139914929184,0.0042451796669588085,6,5.0,5.0,1.6733200530681511
2867,-9.7675304452e6,3.6577698635e6,-9.5675304452e6,3.4577698635e6,0.007077647839105796,0.002556237218813906,5,3.2,3.0,0.8366600265340756
2868,-9.7675304452e6,3.8577698635e6,-9.5675304452e6,3.6577698635e6,0.02402862985685072,0.02402862985685072,1,4.0,4.0,NaN
2874,-9.7675304452e6,5.0577698635e6,-9.5675304452e6,4.8577698635e6,0.005981595092024541,0.005981595092024541,2,5.0,5.0,0.0
2936,-9.5675304452e6,2.6577698635e6,-9.3675304452e6,2.4577698635e6,0.017142153648547067,0.005667620546814909,7,9.714285714285714,4.0,12.854497082270283
2937,-9.5675304452e6,2.8577698635e6,-9.3675304452e6,2.6577698635e6,0.009817637511072124,0.003177953980861248,10,12.6,3.0,16.97187215496406
2938,-9.5675304452e6,3.0577698635e6,-9.3675304452e6,2.8577698635e6,0.02189448890936885,0.0060152096505790755,4,6.25,6.0,2.0615528128088303
2941,-9.5675304452e6,3.6577698635e6,-9.3675304452e6,3.4577698635e6,0.003067484662576687,0.003067484662576687,1,2.0,2.0,NaN
2942,-9.5675304452e6,3.8577698635e6,-9.3675304452e6,3.6577698635e6,0.005623721881390593,0.004601226993865031,4,3.25,3.0,1.5
2943,-9.5675304452e6,4.0577698635e6,-9.3675304452e6,3.8577698635e6,0.04374817411627227,0.04374817411627227,1,7.0,7.0,NaN
2944,-9.5675304452e6,4.2577698635e6,-9.3675304452e6,4.0577698635e6,0.002044989775051125,0.002044989775051125,1,3.0,3.0,NaN
2945,-9.5675304452e6,4.4577698635e6,-9.3675304452e6,4.2577698635e6,0.02929447852760736,0.02929447852760736,1,5.0,5.0,NaN
2948,-9.5675304452e6,5.0577698635e6,-9.3675304452e6,4.8577698635e6,0.0015337423312883436,0.0015337423312883436,1,2.0,2.0,NaN
3009,-9.3675304452e6,2.4577698635e6,-9.1675304452e6,2.2577698635e6,0.026873636513773422,0.0037111610940363596,6,10.5,4.5,16.95582495781317
3010,-9.3675304452e6,2.6577698635e6,-9.1675304452e6,2.4577698635e6,0.007643312101910829,0.007643312101910829,1,10.0,10.0,NaN
3015,-9.3675304452e6,3.6577698635e6,-9.1675304452e6,3.4577698635e6,0.00408997955010225,0.00408997955010225,1,3.0,3.0,NaN
3017,-9.3675304452e6,4.0577698635e6,-9.1675304452e6,3.8577698635e6,0.003834355828220859,0.003834355828220859,2,2.0,2.0,0.0
3018,-9.3675304452e6,4.2577698635e6,-9.1675304452e6,4.0577698635e6,0.008680417231030732,0.0028118609406952966,7,7.428571428571429,4.0,11.311603818750944
3019,-9.3675304452e6,4.4577698635e6,-9.1675304452e6,4.2577698635e6,0.024539877300613498,0.024539877300613498,2,3.5,3.5,2.1213203435596424
3020,-9.3675304452e6,4.6577698635e6,-9.1675304452e6,4.4577698635e6,0.01625766871165644,0.0,5,2.2,2.0,0.44721359549995787
3021,-9.3675304452e6,4.8577698635e6,-9.1675304452e6,4.6577698635e6,0.019631901840490795,0.019631901840490795,1,10.0,10.0,NaN
3022,-9.3675304452e6,5.0577698635e6,-9.1675304452e6,4.8577698635e6,0.004479995150726275,0.004479995150726275,2,3.5,3.5,0.7071067811865476
3024,-9.3675304452e6,5.4577698635e6,-9.1675304452e6,5.2577698635e6,0.008691206543967281,0.008691206543967281,1,4.0,4.0,NaN
3025,-9.3675304452e6,5.6577698635e6,-9.1675304452e6,5.4577698635e6,0.003858097969572072,0.003858097969572072,1,4.0,4.0,NaN
3026,-9.3675304452e6,5.8577698635e6,-9.1675304452e6,5.6577698635e6,0.0,0.0,2,2.5,2.5,0.7071067811865476
3090,-9.1675304452e6,3.8577698635e6,-8.9675304452e6,3.6577698635e6,0.03973122991527899,0.03374233128834356,3,3.6666666666666665,2.0,2.886751345948129
3091,-9.1675304452e6,4.0577698635e6,-8.9675304452e6,3.8577698635e6,0.014826175869120654,0.013803680981595092,3,2.0,2.0,0.0
3092,-9.1675304452e6,4.2577698635e6,-8.9675304452e6,4.0577698635e6,0.013512647537320142,0.007562201772324473,16,7.5,3.0,13.114877048604
3093,-9.1675304452e6,4.4577698635e6,-8.9675304452e6,4.2577698635e6,0.009069418422181175,0.008819018404907977,14,4.714285714285714,3.5,4.462296260008731
3094,-9.1675304452e6,4.6577698635e6,-8.9675304452e6,4.4577698635e6,0.014639606896752247,0.014639606896752247,2,2.0,2.0,0.0
3103,-9.1675304452e6,6.4577698635e6,-8.9675304452e6,6.2577698635e6,0.01551293672554197,0.011136822508117764,3,22.333333333333332,14.0,20.79262689833426
3164,-8.9675304452e6,3.8577698635e6,-8.7675304452e6,3.6577698635e6,0.02116256065042083,0.004601226993865031,11,3.3636363636363638,2.0,2.157439559882375
3165,-8.9675304452e6,4.0577698635e6,-8.7675304452e6,3.8577698635e6,0.014655760054533062,0.0015337423312883436,6,2.3333333333333335,2.0,0.5163977794943222
3166,-8.9675304452e6,4.2577698635e6,-8.7675304452e6,4.0577698635e6,0.013887282510308763,0.007413087934560327,8,3.625,3.0,2.065879266282796
3167,-8.9675304452e6,4.4577698635e6,-8.7675304452e6,4.2577698635e6,0.0092315503546177,0.003067484662576687,17,4.176470588235294,3.0,2.743977362280141
3168,-8.9675304452e6,4.6577698635e6,-8.7675304452e6,4.4577698635e6,0.01638532180009907,0.007668711656441718,7,3.142857142857143,3.0,0.8997354108424372
3169,-8.9675304452e6,4.8577698635e6,-8.7675304452e6,4.6577698635e6,0.009713701431492843,0.009202453987730062,3,2.3333333333333335,2.0,0.5773502691896258
3170,-8.9675304452e6,5.0577698635e6,-8.7675304452e6,4.8577698635e6,0.004447852760736197,0.002044989775051125,4,3.25,2.5,1.8929694486000912
3171,-8.9675304452e6,5.2577698635e6,-8.7675304452e6,5.0577698635e6,0.009032038173142468,0.005623721881390593,3,2.6666666666666665,2.0,1.1547005383792515
3172,-8.9675304452e6,5.4577698635e6,-8.7675304452e6,5.2577698635e6,0.004192224610143074,0.0013292433537832311,16,5.625,5.0,2.187083293643233
3229,-8.7675304452e6,2.0577698635e6,-8.5675304452e6,1.8577698635e6,0.007129927228580693,0.0019135261466549812,12,5.333333333333333,5.5,2.3094010767585034
3230,-8.7675304452e6,2.2577698635e6,-8.5675304452e6,2.0577698635e6,0.0,0.0,1,3.0,3.0,NaN
3231,-8.7675304452e6,2.4577698635e6,-8.5675304452e6,2.2577698635e6,0.03450972951320811,0.03450972951320811,1,5.0,5.0,NaN
3238,-8.7675304452e6,3.8577698635e6,-8.5675304452e6,3.6577698635e6,0.017455911298568508,0.014084410604732691,8,3.625,3.0,2.1339098923270936
3239,-8.7675304452e6,4.0577698635e6,-8.5675304452e6,3.8577698635e6,0.036975332310838445,0.02121676891615542,10,2.8,2.5,1.0327955589886446
3240,-8.7675304452e6,4.2577698635e6,-8.5675304452e6,4.0577698635e6,0.019697264916392884,0.011512491400676637,12,2.6666666666666665,2.0,1.0730867399773196
3241,-8.7675304452e6,4.4577698635e6,-8.5675304452e6,4.2577698635e6,0.016343066235052682,0.005214723926380369,14,4.285714285714286,3.0,3.8715644110631806
3242,-8.7675304452e6,4.6577698635e6,-8.5675304452e6,4.4577698635e6,0.0017041581458759373,0.0015337423312883436,6,3.1666666666666665,2.5,1.4719601443879744
3243,-8.7675304452e6,4.8577698635e6,-8.5675304452e6,4.6577698635e6,0.014826175869120654,0.015337423312883437,4,2.5,2.5,0.5773502691896257
3244,-8.7675304452e6,5.0577698635e6,-8.5675304452e6,4.8577698635e6,0.015131258957093847,0.0031280769522078313,14,5.0,2.5,7.874007874011811
3245,-8.7675304452e6,5.2577698635e6,-8.5675304452e6,5.0577698635e6,0.0070386830862788135,0.0023006134969325155,7,4.428571428571429,4.0,0.9759000729485332
3246,-8.7675304452e6,5.4577698635e6,-8.5675304452e6,5.2577698635e6,0.0156441717791411,0.004601226993865031,3,3.0,2.0,1.7320508075688772
3304,-8.5675304452e6,2.2577698635e6,-8.3675304452e6,2.0577698635e6,0.0076616653670177285,0.0076616653670177285,2,2.0,2.0,0.0
3305,-8.5675304452e6,2.4577698635e6,-8.3675304452e6,2.2577698635e6,0.0011650263023000144,0.0004613028669890343,6,5.5,4.0,4.230839160261236
3306,-8.5675304452e6,2.6577698635e6,-8.3675304452e6,2.4577698635e6,0.0004301075268817203,0.0004301075268817203,1,15.0,15.0,NaN
3312,-8.5675304452e6,3.8577698635e6,-8.3675304452e6,3.6577698635e6,0.012480745726736854,0.00408997955010225,11,3.727272727272727,3.0,1.954016841836789
3313,-8.5675304452e6,4.0577698635e6,-8.3675304452e6,3.8577698635e6,0.0174130966910255,0.006172839506172839,19,2.4210526315789473,2.0,0.5072572735017881
3314,-8.5675304452e6,4.2577698635e6,-8.3675304452e6,4.0577698635e6,0.008242440934142715,0.0007696758146303312,26,3.0384615384615383,2.5,1.3705697860603592
3315,-8.5675304452e6,4.4577698635e6,-8.3675304452e6,4.2577698635e6,0.013079435258240159,0.0032208588957055215,18,2.7222222222222223,2.0,1.0178151661369075
3316,-8.5675304452e6,4.6577698635e6,-8.3675304452e6,4.4577698635e6,0.029959918200409,0.030267484662576685,4,2.75,3.0,0.5
3317,-8.5675304452e6,4.8577698635e6,-8.3675304452e6,4.6577698635e6,0.006490191974416339,0.004544801126746788,4,7.0,2.0,10.0
3318,-8.5675304452e6,5.0577698635e6,-8.3675304452e6,4.8577698635e6,0.011201630211556289,0.002565704764068772,14,5.071428571428571,2.0,8.956856297009276
3319,-8.5675304452e6,5.2577698635e6,-8.3675304452e6,5.0577698635e6,0.017105584427276537,0.005131409528137544,5,9.2,3.0,14.989996664442591
3320,-8.5675304452e6,5.4577698635e6,-8.3675304452e6,5.2577698635e6,0.009032038173142467,0.0081799591002045,3,2.6666666666666665,3.0,0.5773502691896258
3386,-8.3675304452e6,3.8577698635e6,-8.1675304452e6,3.6577698635e6,0.011083619669000134,0.0,11,3.909090909090909,3.0,3.015113445777636
3387,-8.3675304452e6,4.0577698635e6,-8.1675304452e6,3.8577698635e6,0.03541356408601179,0.004220544281893976,20,3.1,2.0,2.04939015319192
3388,-8.3675304452e6,4.2577698635e6,-8.1675304452e6,4.0577698635e6,0.005341376102030771,0.0015384615384615385,21,4.190476190476191,4.0,1.833549770773829
3389,-8.3675304452e6,4.4577698635e6,-8.1675304452e6,4.2577698635e6,0.006092486692434724,0.0030911901081916537,35,3.342857142857143,3.0,1.8461861664914883
3390,-8.3675304452e6,4.6577698635e6,-8.1675304452e6,4.4577698635e6,0.014621676891615544,0.015439672801635992,4,3.25,2.5,1.8929694486000912
3391,-8.3675304452e6,4.8577698635e6,-8.1675304452e6,4.6577698635e6,0.006850715746421268,0.005828220858895707,3,5.0,5.0,0.0
3393,-8.3675304452e6,5.2577698635e6,-8.1675304452e6,5.0577698635e6,0.0015337423312883436,0.0015337423312883436,1,2.0,2.0,NaN
3394,-8.3675304452e6,5.4577698635e6,-8.1675304452e6,5.2577698635e6,0.008038585209003215,0.008038585209003215,1,2.0,2.0,NaN
3455,-8.1675304452e6,2.8577698635e6,-7.9675304452e6,2.6577698635e6,0.005246913580246914,0.0030864197530864196,5,2.4,2.0,0.5477225575051661
3458,-8.1675304452e6,3.4577698635e6,-7.9675304452e6,3.2577698635e6,0.0,0.0,1,2.0,2.0,NaN
3460,-8.1675304452e6,3.8577698635e6,-7.9675304452e6,3.6577698635e6,0.03645951567590816,0.03645951567590816,2,5.0,5.0,0.0
3461,-8.1675304452e6,4.0577698635e6,-7.9675304452e6,3.8577698635e6,0.02147239263803681,0.02147239263803681,2,2.0,2.0,0.0
3462,-8.1675304452e6,4.2577698635e6,-7.9675304452e6,4.0577698635e6,0.01163192275824553,0.003450920245398773,16,4.125,4.0,2.217355782608345
3463,-8.1675304452e6,4.4577698635e6,-7.9675304452e6,4.2577698635e6,0.007166228454572012,0.00408997955010225,15,3.8666666666666667,4.0,1.6846647257229665
3464,-8.1675304452e6,4.6577698635e6,-7.9675304452e6,4.4577698635e6,0.015702944463979726,0.013803680981595092,9,3.111111111111111,3.0,1.2692955176439846
3465,-8.1675304452e6,4.8577698635e6,-7.9675304452e6,4.6577698635e6,0.013271131561008863,0.015039195637355148,4,4.0,2.5,3.366501646120693
3466,-8.1675304452e6,5.0577698635e6,-7.9675304452e6,4.8577698635e6,0.008241308793456035,0.0,5,3.6,2.0,2.1908902300206647
3467,-8.1675304452e6,5.2577698635e6,-7.9675304452e6,5.0577698635e6,0.004601226993865031,0.004601226993865031,1,2.0,2.0,NaN
3530,-7.9675304452e6,3.0577698635e6,-7.7675304452e6,2.8577698635e6,0.0030864197530864196,0.0030864197530864196,1,2.0,2.0,NaN
3531,-7.9675304452e6,3.2577698635e6,-7.7675304452e6,3.0577698635e6,0.007992258252994449,0.0,4,2.5,2.5,0.5773502691896257
3532,-7.9675304452e6,3.4577698635e6,-7.7675304452e6,3.2577698635e6,0.003115264797507788,0.003115264797507788,1,2.0,2.0,NaN
3533,-7.9675304452e6,3.6577698635e6,-7.7675304452e6,3.4577698635e6,0.026572146463912233,0.007898894154818325,4,2.0,2.0,0.0
3534,-7.9675304452e6,3.8577698635e6,-7.7675304452e6,3.6577698635e6,0.003067484662576687,0.003067484662576687,2,3.0,3.0,1.4142135623730951
3535,-7.9675304452e6,4.0577698635e6,-7.7675304452e6,3.8577698635e6,0.027903728717546778,0.027903728717546778,1,4.0,4.0,NaN
3536,-7.9675304452e6,4.2577698635e6,-7.7675304452e6,4.0577698635e6,0.009082858603564125,0.0,8,4.0,4.0,1.6903085094570331
3537,-7.9675304452e6,4.4577698635e6,-7.7675304452e6,4.2577698635e6,0.00673528949097336,0.003067484662576687,17,3.235294117647059,3.0,1.200490095997562
3538,-7.9675304452e6,4.6577698635e6,-7.7675304452e6,4.4577698635e6,0.0,0.0,1,2.0,2.0,NaN
3539,-7.9675304452e6,4.8577698635e6,-7.7675304452e6,4.6577698635e6,0.0140781064482784,0.01973943181927283,3,3.3333333333333335,3.0,0.5773502691896258
3540,-7.9675304452e6,5.0577698635e6,-7.7675304452e6,4.8577698635e6,0.013312651907899358,0.004952403352999209,26,4.6923076923076925,4.0,3.3558215777270495
3541,-7.9675304452e6,5.2577698635e6,-7.7675304452e6,5.0577698635e6,0.005366587761879615,0.0035257426296455147,8,4.5,5.0,1.4142135623730951
3542,-7.9675304452e6,5.4577698635e6,-7.7675304452e6,5.2577698635e6,0.015337423312883437,0.0,3,2.6666666666666665,3.0,0.5773502691896258
3587,-7.7675304452e6,-342230.1365,-7.5675304452e6,-542230.1365,0.0,0.0,1,9.0,9.0,NaN
3603,-7.7675304452e6,2.8577698635e6,-7.5675304452e6,2.6577698635e6,0.009259259259259259,0.009259259259259259,1,2.0,2.0,NaN
3605,-7.7675304452e6,3.2577698635e6,-7.5675304452e6,3.0577698635e6,0.0,0.0,1,2.0,2.0,NaN
3610,-7.7675304452e6,4.2577698635e6,-7.5675304452e6,4.0577698635e6,0.013206414126659526,0.0015337423312883436,7,3.142857142857143,2.0,1.6761634196950517
3611,-7.7675304452e6,4.4577698635e6,-7.5675304452e6,4.2577698635e6,0.0024088262262848934,0.0006901840490797546,10,3.3,3.0,1.4181364924121764
3612,-7.7675304452e6,4.6577698635e6,-7.5675304452e6,4.4577698635e6,0.0026657902424773593,0.0010224948875255625,7,3.0,3.0,0.816496580927726
3613,-7.7675304452e6,4.8577698635e6,-7.5675304452e6,4.6577698635e6,0.006532782093571472,0.0010224948875255625,3,2.3333333333333335,2.0,0.5773502691896258
3614,-7.7675304452e6,5.0577698635e6,-7.5675304452e6,4.8577698635e6,0.00859053678813879,0.003067484662576687,21,7.333333333333333,3.0,9.697078597873348
3615,-7.7675304452e6,5.2577698635e6,-7.5675304452e6,5.0577698635e6,0.007503883856558071,0.0020576131687242796,11,8.454545454545455,4.0,11.758942438532783
3616,-7.7675304452e6,5.4577698635e6,-7.5675304452e6,5.2577698635e6,0.005099693251533742,0.0062372188139059315,4,3.75,3.5,0.9574271077563381
3663,-7.5675304452e6,57769.86349999998,-7.3675304452e6,-142230.13650000002,0.0015432098765432098,0.0015432098765432098,1,2.0,2.0,NaN
3685,-7.5675304452e6,4.4577698635e6,-7.3675304452e6,4.2577698635e6,0.008265167007498296,0.011503067484662574,3,3.3333333333333335,3.0,0.5773502691896258
3686,-7.5675304452e6,4.6577698635e6,-7.3675304452e6,4.4577698635e6,0.003600507460425661,0.0023148148148148147,6,3.0,2.0,1.6733200530681511
3689,-7.5675304452e6,5.2577698635e6,-7.3675304452e6,5.0577698635e6,0.010638161044334902,0.005857938690602112,10,11.0,3.5,12.814921857827391
3732,-7.3675304452e6,-942230.1365,-7.1675304452e6,-1.1422301365e6,0.0864241574586282,0.0864241574586282,2,11.0,11.0,7.0710678118654755
3738,-7.3675304452e6,257769.86349999998,-7.1675304452e6,57769.86349999998,0.002329311625957398,0.002329311625957398,2,2.5,2.5,0.7071067811865476
3739,-7.3675304452e6,457769.8635,-7.1675304452e6,257769.86349999998,0.0,0.0,1,3.0,3.0,NaN
3750,-7.3675304452e6,2.6577698635e6,-7.1675304452e6,2.4577698635e6,0.0,0.0,1,2.0,2.0,NaN
3758,-7.3675304452e6,4.2577698635e6,-7.1675304452e6,4.0577698635e6,0.13858267716535433,0.13858267716535433,1,2.0,2.0,NaN
3761,-7.3675304452e6,4.8577698635e6,-7.1675304452e6,4.6577698635e6,0.015287160458290523,0.006262781186094069,6,5.0,4.0,2.5298221281347035
3762,-7.3675304452e6,5.0577698635e6,-7.1675304452e6,4.8577698635e6,0.007668711656441718,0.007668711656441718,1,2.0,2.0,NaN
3763,-7.3675304452e6,5.2577698635e6,-7.1675304452e6,5.0577698635e6,0.01874127923660231,0.010027673264391909,7,16.571428571428573,6.0,20.678951801748745
3764,-7.3675304452e6,5.4577698635e6,-7.1675304452e6,5.2577698635e6,0.005587204206836109,0.005587204206836109,2,6.0,6.0,2.8284271247461903
3784,-7.1675304452e6,-5.3422301365e6,-6.9675304452e6,-5.5422301365e6,0.0019760478167045806,0.0019760478167045806,1,3.0,3.0,NaN
3808,-7.1675304452e6,-542230.1365,-6.9675304452e6,-742230.1365,0.06782334384858044,0.06782334384858044,1,2.0,2.0,NaN
3809,-7.1675304452e6,-342230.1365,-6.9675304452e6,-542230.1365,0.02932746127507901,0.0022796352583586625,4,4.25,4.5,1.707825127659933
3814,-7.1675304452e6,657769.8635,-6.9675304452e6,457769.8635,0.0840086847224041,0.003864095592694256,3,3.3333333333333335,3.0,1.5275252316519468
3817,-7.1675304452e6,1.2577698635e6,-6.9675304452e6,1.0577698635e6,0.01519633911069578,0.01519633911069578,1,3.0,3.0,NaN
3818,-7.1675304452e6,1.4577698635e6,-6.9675304452e6,1.2577698635e6,0.012764683800893734,0.012764683800893734,2,4.0,4.0,1.4142135623730951
3835,-7.1675304452e6,4.8577698635e6,-6.9675304452e6,4.6577698635e6,0.004753031607648979,0.004753031607648979,1,19.0,19.0,NaN
3836,-7.1675304452e6,5.0577698635e6,-6.9675304452e6,4.8577698635e6,0.003705335277840456,0.003067484662576687,7,4.857142857142857,4.0,2.3401261667248794
3837,-7.1675304452e6,5.2577698635e6,-6.9675304452e6,5.0577698635e6,0.010157938810286505,0.002040327944256935,23,11.130434782608695,4.0,21.471554857163692
3838,-7.1675304452e6,5.4577698635e6,-6.9675304452e6,5.2577698635e6,0.005086813524532178,0.00207808464418668,35,3.8,3.0,1.6768317464439755
3912,-6.9675304452e6,5.4577698635e6,-6.7675304452e6,5.2577698635e6,0.008529817650800742,0.004601226993865031,13,3.1538461538461537,3.0,1.143543749793731
3913,-6.9675304452e6,5.6577698635e6,-6.7675304452e6,5.4577698635e6,0.0,0.0,1,2.0,2.0,NaN
3955,-6.7675304452e6,-742230.1365,-6.5675304452e6,-942230.1365,0.0024539877300613503,0.0024539877300613503,1,5.0,5.0,NaN
3956,-6.7675304452e6,-542230.1365,-6.5675304452e6,-742230.1365,0.0005112474437627812,0.0005112474437627812,2,2.5,2.5,0.7071067811865476
3957,-6.7675304452e6,-342230.1365,-6.5675304452e6,-542230.1365,0.026025641025641026,0.026025641025641026,2,6.0,6.0,4.242640687119285
3961,-6.7675304452e6,457769.8635,-6.5675304452e6,257769.86349999998,0.00039603960396039607,0.00039603960396039607,2,7.5,7.5,3.5355339059327378
3986,-6.7675304452e6,5.4577698635e6,-6.5675304452e6,5.2577698635e6,0.002044989775051125,0.002044989775051125,1,3.0,3.0,NaN
3987,-6.7675304452e6,5.6577698635e6,-6.5675304452e6,5.4577698635e6,0.013548057259713702,0.013548057259713702,1,4.0,4.0,NaN
4027,-6.5675304452e6,-1.1422301365e6,-6.3675304452e6,-1.3422301365e6,0.08904113827780166,0.0729458399584926,4,4.5,3.5,3.3166247903554
4028,-6.5675304452e6,-942230.1365,-6.3675304452e6,-1.1422301365e6,0.0009141591196805922,0.0009141591196805922,2,19.0,19.0,24.041630560342615
4033,-6.5675304452e6,57769.86349999998,-6.3675304452e6,-142230.13650000002,0.048878570200210976,0.039529444914060304,4,8.25,7.5,4.193248541803041
4036,-6.5675304452e6,657769.8635,-6.3675304452e6,457769.8635,0.0,0.0,1,3.0,3.0,NaN
4037,-6.5675304452e6,857769.8635,-6.3675304452e6,657769.8635,0.0,0.0,1,4.0,4.0,NaN
4038,-6.5675304452e6,1.0577698635e6,-6.3675304452e6,857769.8635,0.05689440143635861,0.05689440143635861,1,9.0,9.0,NaN
4060,-6.5675304452e6,5.4577698635e6,-6.3675304452e6,5.2577698635e6,0.016206543967280163,0.016206543967280163,2,4.0,4.0,1.4142135623730951
4099,-6.3675304452e6,-1.5422301365e6,-6.1675304452e6,-1.7422301365e6,0.0010131712259371835,0.0010131712259371835,1,3.0,3.0,NaN
4100,-6.3675304452e6,-1.3422301365e6,-6.1675304452e6,-1.5422301365e6,0.0,0.0,1,2.0,2.0,NaN
4101,-6.3675304452e6,-1.1422301365e6,-6.1675304452e6,-1.3422301365e6,0.016578454147396164,0.0015527950310559005,3,3.6666666666666665,2.0,2.886751345948129
4102,-6.3675304452e6,-942230.1365,-6.1675304452e6,-1.1422301365e6,0.007598784194528876,0.007598784194528876,1,2.0,2.0,NaN
4105,-6.3675304452e6,-342230.1365,-6.1675304452e6,-542230.1365,0.0014954697337349354,0.0014954697337349354,2,5.5,5.5,3.5355339059327378
4107,-6.3675304452e6,57769.86349999998,-6.1675304452e6,-142230.13650000002,0.00800899100899101,0.007754578754578756,4,11.5,11.5,7.767453465154029
4134,-6.3675304452e6,5.4577698635e6,-6.1675304452e6,5.2577698635e6,0.0,0.0,1,2.0,2.0,NaN
4158,-6.1675304452e6,-4.5422301365e6,-5.9675304452e6,-4.7422301365e6,0.017842535787321062,0.017842535787321062,2,4.0,4.0,2.8284271247461903
4159,-6.1675304452e6,-4.3422301365e6,-5.9675304452e6,-4.5422301365e6,0.018404907975460124,0.018404907975460124,1,2.0,2.0,NaN
4170,-6.1675304452e6,-2.1422301365e6,-5.9675304452e6,-2.3422301365e6,0.050764318879194435,0.003742508468696411,10,2.8,2.5,1.0327955589886446
4176,-6.1675304452e6,-942230.1365,-5.9675304452e6,-1.1422301365e6,0.0,0.0,2,5.5,5.5,2.1213203435596424
4181,-6.1675304452e6,57769.86349999998,-5.9675304452e6,-142230.13650000002,0.0007692307692307691,0.0007692307692307691,1,4.0,4.0,NaN
4223,-5.9675304452e6,-6.3422301365e6,-5.7675304452e6,-6.5422301365e6,0.004608294930875576,0.004608294930875576,1,2.0,2.0,NaN
4232,-5.9675304452e6,-4.5422301365e6,-5.7675304452e6,-4.7422301365e6,0.01906222611744084,0.004601226993865031,3,3.6666666666666665,2.0,2.886751345948129
4233,-5.9675304452e6,-4.3422301365e6,-5.7675304452e6,-4.5422301365e6,0.05885231097899493,0.05885231097899493,2,2.5,2.5,0.7071067811865476
4234,-5.9675304452e6,-4.1422301365e6,-5.7675304452e6,-4.3422301365e6,0.009317026623016124,0.0015337423312883436,4,2.75,3.0,0.5
4235,-5.9675304452e6,-3.9422301365e6,-5.7675304452e6,-4.1422301365e6,0.019204065688677056,0.0035098294158734966,55,4.5636363636363635,4.0,2.608842771433458
4236,-5.9675304452e6,-3.7422301365e6,-5.7675304452e6,-3.9422301365e6,0.10636494618187982,0.10636494618187982,1,3.0,3.0,NaN
4246,-5.9675304452e6,-1.7422301365e6,-5.7675304452e6,-1.9422301365e6,0.13429525402684064,0.13429525402684064,1,5.0,5.0,NaN
4251,-5.9675304452e6,-742230.1365,-5.7675304452e6,-942230.1365,0.07685089104443943,0.07685089104443943,2,2.0,2.0,0.0
4253,-5.9675304452e6,-342230.1365,-5.7675304452e6,-542230.1365,0.022388419358468813,0.0009532613857335191,6,8.0,6.0,7.563068160475615
4254,-5.9675304452e6,-142230.13650000002,-5.7675304452e6,-342230.1365,0.04923076923076924,0.0,3,4.333333333333333,2.0,4.041451884327381
4257,-5.9675304452e6,457769.8635,-5.7675304452e6,257769.86349999998,0.02704626186263663,0.0007668711656441718,3,4.333333333333333,4.0,2.516611478423583
4262,-5.9675304452e6,1.4577698635e6,-5.7675304452e6,1.2577698635e6,0.13740458015267176,0.13740458015267176,1,2.0,2.0,NaN
4307,-5.7675304452e6,-4.3422301365e6,-5.5675304452e6,-4.5422301365e6,0.0,0.0,1,2.0,2.0,NaN
4308,-5.7675304452e6,-4.1422301365e6,-5.5675304452e6,-4.3422301365e6,0.011248717322402565,0.00245398773006135,13,5.076923076923077,5.0,2.722178614686481
4309,-5.7675304452e6,-3.9422301365e6,-5.5675304452e6,-4.1422301365e6,0.08484017035922474,0.07021184047640962,4,6.0,4.5,4.96655480858378
4312,-5.7675304452e6,-3.3422301365e6,-5.5675304452e6,-3.5422301365e6,0.015836461824423078,0.015836461824423078,2,5.5,5.5,3.5355339059327378
4313,-5.7675304452e6,-3.1422301365e6,-5.5675304452e6,-3.3422301365e6,0.00526592943654555,0.00526592943654555,1,3.0,3.0,NaN
4314,-5.7675304452e6,-2.9422301365e6,-5.5675304452e6,-3.1422301365e6,0.15027532217997253,0.15027532217997253,1,4.0,4.0,NaN
4319,-5.7675304452e6,-1.9422301365e6,-5.5675304452e6,-2.1422301365e6,0.015133965790454559,0.015133965790454559,2,4.5,4.5,0.7071067811865476
4320,-5.7675304452e6,-1.7422301365e6,-5.5675304452e6,-1.9422301365e6,0.01403671408343341,0.004601226993865031,3,2.0,2.0,0.0
4331,-5.7675304452e6,457769.8635,-5.5675304452e6,257769.86349999998,0.0014104372355430183,0.0014104372355430183,1,2.0,2.0,NaN
4332,-5.7675304452e6,657769.8635,-5.5675304452e6,457769.8635,0.0020512820512820513,0.0020512820512820513,1,3.0,3.0,NaN
4333,-5.7675304452e6,857769.8635,-5.5675304452e6,657769.8635,0.052691148759022505,0.052691148759022505,1,3.0,3.0,NaN
4381,-5.5675304452e6,-4.3422301365e6,-5.3675304452e6,-4.5422301365e6,0.02199691009998174,0.01487487930420073,4,5.25,4.5,3.4034296427770228
4391,-5.5675304452e6,-2.3422301365e6,-5.3675304452e6,-2.5422301365e6,0.05170736341057561,0.05170736341057561,2,15.0,15.0,8.48528137423857
4393,-5.5675304452e6,-1.9422301365e6,-5.3675304452e6,-2.1422301365e6,0.05012512344614995,0.014067910709963714,4,3.0,3.0,0.816496580927726
4394,-5.5675304452e6,-1.7422301365e6,-5.3675304452e6,-1.9422301365e6,0.04347697642706079,0.03135313531353135,5,5.2,5.0,2.949576240750525
4398,-5.5675304452e6,-942230.1365,-5.3675304452e6,-1.1422301365e6,0.00043821209465381246,0.00043821209465381246,1,7.0,7.0,NaN
4400,-5.5675304452e6,-542230.1365,-5.3675304452e6,-742230.1365,0.1687141832019008,0.1687141832019008,2,4.5,4.5,3.5355339059327378
4402,-5.5675304452e6,-142230.13650000002,-5.3675304452e6,-342230.1365,0.026102433945073545,0.001692047377326565,4,2.75,3.0,0.5
4460,-5.3675304452e6,-3.3422301365e6,-5.1675304452e6,-3.5422301365e6,0.03956647410839931,0.02526118301051829,5,13.2,16.0,9.444575162494075
4461,-5.3675304452e6,-3.1422301365e6,-5.1675304452e6,-3.3422301365e6,0.06459281312588043,0.07923974069742845,5,7.4,4.0,8.203657720797473
4462,-5.3675304452e6,-2.9422301365e6,-5.1675304452e6,-3.1422301365e6,0.0018542164894323903,0.0,7,2.5714285714285716,2.0,0.7867957924694432
4463,-5.3675304452e6,-2.7422301365e6,-5.1675304452e6,-2.9422301365e6,0.008409302001559352,0.005411255411255411,5,3.2,3.0,1.0954451150103321
4464,-5.3675304452e6,-2.5422301365e6,-5.1675304452e6,-2.7422301365e6,0.012183507315152841,0.002185150695613701,5,4.8,5.0,2.16794833886788
4466,-5.3675304452e6,-2.1422301365e6,-5.1675304452e6,-2.3422301365e6,0.0967792726203351,0.0967792726203351,2,4.0,4.0,2.8284271247461903
4476,-5.3675304452e6,-142230.13650000002,-5.1675304452e6,-342230.1365,0.00043821209465381246,0.0,3,4.333333333333333,3.0,2.309401076758503
4479,-5.3675304452e6,457769.8635,-5.1675304452e6,257769.86349999998,0.0003741114852225963,0.0,3,2.6666666666666665,3.0,0.5773502691896258
4480,-5.3675304452e6,657769.8635,-5.1675304452e6,457769.8635,0.0005050505050505049,0.0005050505050505049,2,4.5,4.5,2.1213203435596424
4532,-5.1675304452e6,-3.7422301365e6,-4.9675304452e6,-3.9422301365e6,0.014618831189362006,0.014618831189362006,2,5.0,5.0,1.4142135623730951
4533,-5.1675304452e6,-3.5422301365e6,-4.9675304452e6,-3.7422301365e6,0.023969219179773044,0.016105417276720352,3,2.6666666666666665,3.0,0.5773502691896258
4534,-5.1675304452e6,-3.3422301365e6,-4.9675304452e6,-3.5422301365e6,0.22906793048973143,0.22906793048973143,1,2.0,2.0,NaN
4535,-5.1675304452e6,-3.1422301365e6,-4.9675304452e6,-3.3422301365e6,0.03924666240270719,0.013671980919870885,4,5.25,5.5,2.5
4536,-5.1675304452e6,-2.9422301365e6,-4.9675304452e6,-3.1422301365e6,0.037546661684194106,0.0058948784182972225,12,3.0,3.0,1.4142135623730951
4537,-5.1675304452e6,-2.7422301365e6,-4.9675304452e6,-2.9422301365e6,0.014718454346237126,0.0024691358024691358,65,7.430769230769231,5.0,8.687219834995455
4539,-5.1675304452e6,-2.3422301365e6,-4.9675304452e6,-2.5422301365e6,0.059944131473832075,0.03316749585406302,5,2.4,2.0,0.5477225575051661
4540,-5.1675304452e6,-2.1422301365e6,-4.9675304452e6,-2.3422301365e6,0.024344404611567668,0.005566082170995231,6,3.5,3.5,1.0488088481701516
4541,-5.1675304452e6,-1.9422301365e6,-4.9675304452e6,-2.1422301365e6,0.01979533829408714,0.0015797788309636653,7,7.428571428571429,7.0,2.370453040886408
4542,-5.1675304452e6,-1.7422301365e6,-4.9675304452e6,-1.9422301365e6,0.0,0.0,1,2.0,2.0,NaN
4543,-5.1675304452e6,-1.5422301365e6,-4.9675304452e6,-1.7422301365e6,0.042733479227868784,0.0411533266008038,4,5.25,5.0,3.304037933599835
4544,-5.1675304452e6,-1.3422301365e6,-4.9675304452e6,-1.5422301365e6,0.0010224948875255625,0.0010224948875255625,1,3.0,3.0,NaN
4551,-5.1675304452e6,57769.86349999998,-4.9675304452e6,-142230.13650000002,0.09274557129822833,0.09274557129822833,2,7.0,7.0,2.8284271247461903
4553,-5.1675304452e6,457769.8635,-4.9675304452e6,257769.86349999998,0.0,0.0,1,2.0,2.0,NaN
4554,-5.1675304452e6,657769.8635,-4.9675304452e6,457769.8635,0.001414141414141414,0.0011223344556677889,5,3.8,3.0,1.6431676725154984
4607,-4.9675304452e6,-3.5422301365e6,-4.7675304452e6,-3.7422301365e6,0.031669131795314207,0.015812081981805084,7,15.714285714285714,8.0,16.479424400488888
4608,-4.9675304452e6,-3.3422301365e6,-4.7675304452e6,-3.5422301365e6,0.04418454632945936,0.004191321499013807,3,5.0,5.0,1.0
4609,-4.9675304452e6,-3.1422301365e6,-4.7675304452e6,-3.3422301365e6,0.09889840039268764,0.11622495003908563,5,3.2,3.0,1.0954451150103321
4610,-4.9675304452e6,-2.9422301365e6,-4.7675304452e6,-3.1422301365e6,0.01099915438542327,0.012582814033158776,8,4.75,5.5,2.5495097567963922
4611,-4.9675304452e6,-2.7422301365e6,-4.7675304452e6,-2.9422301365e6,0.01614086393354864,0.0043503531589266075,50,24.2,7.0,49.88517427297311
4612,-4.9675304452e6,-2.5422301365e6,-4.7675304452e6,-2.7422301365e6,0.021429564978712637,0.002591343205116972,18,2.9444444444444446,3.0,1.1617543641469048
4613,-4.9675304452e6,-2.3422301365e6,-4.7675304452e6,-2.5422301365e6,0.0,0.0,1,5.0,5.0,NaN
4614,-4.9675304452e6,-2.1422301365e6,-4.7675304452e6,-2.3422301365e6,0.0020943434761847234,0.0020943434761847234,1,4.0,4.0,NaN
4615,-4.9675304452e6,-1.9422301365e6,-4.7675304452e6,-2.1422301365e6,0.10552763819095477,0.10552763819095477,1,4.0,4.0,NaN
4625,-4.9675304452e6,57769.86349999998,-4.7675304452e6,-142230.13650000002,0.0,0.0,1,3.0,3.0,NaN
4683,-4.7675304452e6,-3.1422301365e6,-4.5675304452e6,-3.3422301365e6,0.05260936006266379,0.02736076667591146,4,8.5,7.5,5.5677643628300215
4684,-4.7675304452e6,-2.9422301365e6,-4.5675304452e6,-3.1422301365e6,0.032970413311504,0.002558959067497967,6,3.8333333333333335,3.5,2.136976056643281
4685,-4.7675304452e6,-2.7422301365e6,-4.5675304452e6,-2.9422301365e6,0.019013167025344956,0.0036697931360651142,50,5.1,4.0,3.8452196667699345
4686,-4.7675304452e6,-2.5422301365e6,-4.5675304452e6,-2.7422301365e6,0.010818504490404677,0.0029702905899210053,31,3.7096774193548385,3.0,1.6771711975247046
4687,-4.7675304452e6,-2.3422301365e6,-4.5675304452e6,-2.5422301365e6,0.027359056465327523,0.009216589861751152,9,3.2222222222222223,3.0,1.4813657362192647
4688,-4.7675304452e6,-2.1422301365e6,-4.5675304452e6,-2.3422301365e6,0.012681719522884013,0.007927523617379171,14,4.285714285714286,3.0,3.8316208947805213
4689,-4.7675304452e6,-1.9422301365e6,-4.5675304452e6,-2.1422301365e6,0.019943930347361406,0.007154000338090754,9,5.0,4.0,2.8722813232690143
4690,-4.7675304452e6,-1.7422301365e6,-4.5675304452e6,-1.9422301365e6,0.09305834950751381,0.10087618886240642,3,5.333333333333333,5.0,1.5275252316519465
4693,-4.7675304452e6,-1.1422301365e6,-4.5675304452e6,-1.3422301365e6,0.10143650990814453,0.10143650990814453,1,6.0,6.0,NaN
4695,-4.7675304452e6,-742230.1365,-4.5675304452e6,-942230.1365,0.0007668711656441718,0.0007668711656441718,1,4.0,4.0,NaN
4741,-4.5675304452e6,-6.3422301365e6,-4.3675304452e6,-6.5422301365e6,0.0019443677362273413,0.0020657917054702677,3,2.6666666666666665,3.0,0.5773502691896258
4758,-4.5675304452e6,-2.9422301365e6,-4.3675304452e6,-3.1422301365e6,0.004028795713601734,0.0047491039426523305,5,4.6,5.0,1.1401754250991378
4759,-4.5675304452e6,-2.7422301365e6,-4.3675304452e6,-2.9422301365e6,0.014124216857631662,0.0019361910814347937,50,5.28,5.0,3.307628782566947
4760,-4.5675304452e6,-2.5422301365e6,-4.3675304452e6,-2.7422301365e6,0.006227717840431712,0.002968503892263715,14,5.857142857142857,4.5,5.0361331756256575
4761,-4.5675304452e6,-2.3422301365e6,-4.3675304452e6,-2.5422301365e6,0.017116348595661517,0.008385093167701863,19,4.7368421052631575,3.0,5.546190937763382
4762,-4.5675304452e6,-2.1422301365e6,-4.3675304452e6,-2.3422301365e6,0.026207459999765814,0.025896902723677732,7,3.2857142857142856,2.0,1.889822365046136
4763,-4.5675304452e6,-1.9422301365e6,-4.3675304452e6,-2.1422301365e6,0.016852797678858132,0.0030864197530864196,13,2.923076923076923,2.0,1.3204505835470495
4764,-4.5675304452e6,-1.7422301365e6,-4.3675304452e6,-1.9422301365e6,0.03668261562998405,0.03668261562998405,1,2.0,2.0,NaN
4765,-4.5675304452e6,-1.5422301365e6,-4.3675304452e6,-1.7422301365e6,0.10883280757097792,0.10883280757097792,1,2.0,2.0,NaN
4767,-4.5675304452e6,-1.1422301365e6,-4.3675304452e6,-1.3422301365e6,0.08385801085836012,0.08385801085836012,1,6.0,6.0,NaN
4772,-4.5675304452e6,-142230.13650000002,-4.3675304452e6,-342230.1365,0.03685897435897436,0.03685897435897436,1,2.0,2.0,NaN
4833,-4.3675304452e6,-2.7422301365e6,-4.1675304452e6,-2.9422301365e6,0.016870337944702548,0.0013701961009646908,28,6.178571428571429,5.0,3.7023873322049865
4834,-4.3675304452e6,-2.5422301365e6,-4.1675304452e6,-2.7422301365e6,0.017091384290764334,0.01488546586362783,10,3.2,3.0,1.1352924243950935
4835,-4.3675304452e6,-2.3422301365e6,-4.1675304452e6,-2.5422301365e6,0.029463373859259175,0.00930668508281238,24,5.125,5.0,2.6095560175431474
4836,-4.3675304452e6,-2.1422301365e6,-4.1675304452e6,-2.3422301365e6,0.024499192719870454,0.002666157796643978,39,3.6923076923076925,2.0,3.9679893234804773
4837,-4.3675304452e6,-1.9422301365e6,-4.1675304452e6,-2.1422301365e6,0.019686666818919698,0.002567399887196841,29,3.2413793103448274,3.0,1.353703185809554
4838,-4.3675304452e6,-1.7422301365e6,-4.1675304452e6,-1.9422301365e6,0.014261148631096333,0.01520104354074734,4,3.25,3.0,1.5
4839,-4.3675304452e6,-1.5422301365e6,-4.1675304452e6,-1.7422301365e6,0.02894312275626467,0.004633793733035662,13,3.6923076923076925,3.0,2.2130151145972543
4843,-4.3675304452e6,-742230.1365,-4.1675304452e6,-942230.1365,0.009266716702877676,0.0,13,4.230769230769231,4.0,2.9764029228204905
4844,-4.3675304452e6,-542230.1365,-4.1675304452e6,-742230.1365,0.013669123924779255,0.0009340359251344859,29,8.0,7.0,6.3358391032961965
4845,-4.3675304452e6,-342230.1365,-4.1675304452e6,-542230.1365,0.0030292461086778404,0.0,27,4.37037037037037,4.0,2.6623897326122425
4907,-4.1675304452e6,-2.7422301365e6,-3.9675304452e6,-2.9422301365e6,0.03234492538574106,0.02573205660438078,3,8.0,5.0,6.082762530298219
4908,-4.1675304452e6,-2.5422301365e6,-3.9675304452e6,-2.7422301365e6,0.019839201918196124,0.004817007018251294,10,4.1,4.5,1.7919573407620817
4909,-4.1675304452e6,-2.3422301365e6,-3.9675304452e6,-2.5422301365e6,0.07760653026397134,0.07760653026397134,2,5.0,5.0,1.4142135623730951
4911,-4.1675304452e6,-1.9422301365e6,-3.9675304452e6,-2.1422301365e6,0.01667660251064203,0.01667660251064203,2,4.0,4.0,0.0
4913,-4.1675304452e6,-1.5422301365e6,-3.9675304452e6,-1.7422301365e6,0.060911785974853784,0.012618296529968454,3,4.333333333333333,4.0,0.5773502691896258
4982,-3.9675304452e6,-2.5422301365e6,-3.7675304452e6,-2.7422301365e6,0.0552096723021924,0.0552096723021924,1,4.0,4.0,NaN
4983,-3.9675304452e6,-2.3422301365e6,-3.7675304452e6,-2.5422301365e6,0.0025634803601316584,0.0025634803601316584,1,3.0,3.0,NaN
4984,-3.9675304452e6,-2.1422301365e6,-3.7675304452e6,-2.3422301365e6,0.017193137736823908,0.00659978461243017,29,4.482758620689655,4.0,1.7651525562392703
4986,-3.9675304452e6,-1.7422301365e6,-3.7675304452e6,-1.9422301365e6,0.03815195845839371,0.00842548709847288,5,5.0,5.0,2.1213203435596424
4991,-3.9675304452e6,-742230.1365,-3.7675304452e6,-942230.1365,0.007982347460412783,0.004516129032258065,12,2.9166666666666665,3.0,0.90033663737852
4993,-3.9675304452e6,-342230.1365,-3.7675304452e6,-542230.1365,0.002150537634408602,0.001075268817204301,3,3.3333333333333335,4.0,1.1547005383792515
5063,-3.7675304452e6,-1.1422301365e6,-3.5675304452e6,-1.3422301365e6,0.08771302661286856,0.08771302661286856,2,4.5,4.5,0.7071067811865476
5064,-3.7675304452e6,-942230.1365,-3.5675304452e6,-1.1422301365e6,0.0,0.0,1,3.0,3.0,NaN
5065,-3.7675304452e6,-742230.1365,-3.5675304452e6,-942230.1365,0.010104763249698622,0.002150537634408602,17,4.470588235294118,4.0,3.0642626979997885
5066,-3.7675304452e6,-542230.1365,-3.5675304452e6,-742230.1365,0.005806856315941039,0.0014336917562724014,7,4.571428571428571,5.0,2.5071326821120348
5137,-3.5675304452e6,-1.1422301365e6,-3.3675304452e6,-1.3422301365e6,0.04180064308681672,0.04180064308681672,1,2.0,2.0,NaN
5138,-3.5675304452e6,-942230.1365,-3.3675304452e6,-1.1422301365e6,0.011047120228050801,0.010298240599859978,8,7.25,5.0,6.881652625434014
5139,-3.5675304452e6,-742230.1365,-3.3675304452e6,-942230.1365,0.023773966858986872,0.02782610989506504,5,4.2,4.0,2.4899799195977463
5140,-3.5675304452e6,-542230.1365,-3.3675304452e6,-742230.1365,0.04670540288599746,0.04670540288599746,2,5.5,5.5,0.7071067811865476
5289,-3.1675304452e6,-342230.1365,-2.9675304452e6,-542230.1365,0.002154011847065159,0.002154011847065159,1,3.0,3.0,NaN
5404,-2.7675304452e6,-6.9422301365e6,-2.5675304452e6,-7.1422301365e6,0.0016611295681063123,0.0016611295681063123,1,2.0,2.0,NaN
6110,-967530.4452,1.0577698635e6,-767530.4452,857769.8635,0.03858749203037153,0.0030864197530864196,3,3.0,3.0,0.0
6112,-967530.4452,1.4577698635e6,-767530.4452,1.2577698635e6,0.0,0.0,1,2.0,2.0,NaN
6127,-967530.4452,4.4577698635e6,-767530.4452,4.2577698635e6,0.0,0.0,1,2.0,2.0,NaN
6128,-967530.4452,4.6577698635e6,-767530.4452,4.4577698635e6,0.0021334358191824393,0.0004422302206565713,5,3.4,3.0,2.073644135332772
6129,-967530.4452,4.8577698635e6,-767530.4452,4.6577698635e6,0.0010451493708139926,0.0010451493708139926,1,8.0,8.0,NaN
6130,-967530.4452,5.0577698635e6,-767530.4452,4.8577698635e6,0.003359511762691578,0.003359511762691578,2,5.0,5.0,2.8284271247461903
6197,-767530.4452,3.6577698635e6,-567530.4452,3.4577698635e6,0.0016260162601626016,0.0016260162601626016,2,2.0,2.0,0.0
6202,-767530.4452,4.6577698635e6,-567530.4452,4.4577698635e6,0.08205521472392638,0.08205521472392638,2,2.0,2.0,0.0
6203,-767530.4452,4.8577698635e6,-567530.4452,4.6577698635e6,0.002811411253832418,0.001568910945254191,3,5.333333333333333,5.0,1.5275252316519465
6204,-767530.4452,5.0577698635e6,-567530.4452,4.8577698635e6,0.0,0.0,1,2.0,2.0,NaN
6273,-567530.4452,4.0577698635e6,-367530.44519999996,3.8577698635e6,0.0,0.0,1,2.0,2.0,NaN
6275,-567530.4452,4.4577698635e6,-367530.44519999996,4.2577698635e6,0.0,0.0,1,3.0,3.0,NaN
6276,-567530.4452,4.6577698635e6,-367530.44519999996,4.4577698635e6,0.00408997955010225,0.002044989775051125,3,2.6666666666666665,3.0,0.5773502691896258
6277,-567530.4452,4.8577698635e6,-367530.44519999996,4.6577698635e6,0.0,0.0,1,3.0,3.0,NaN
6352,-367530.44519999996,5.0577698635e6,-167530.44519999996,4.8577698635e6,0.0,0.0,1,3.0,3.0,NaN
6424,-167530.44519999996,4.6577698635e6,32469.55480000004,4.4577698635e6,0.010736196319018405,0.010736196319018405,1,2.0,2.0,NaN
6425,-167530.44519999996,4.8577698635e6,32469.55480000004,4.6577698635e6,0.0006191950464396284,0.0,5,2.8,3.0,0.44721359549995787
6426,-167530.44519999996,5.0577698635e6,32469.55480000004,4.8577698635e6,0.0015337423312883436,0.0015337423312883436,2,2.5,2.5,0.7071067811865476
6429,-167530.44519999996,5.6577698635e6,32469.55480000004,5.4577698635e6,0.0304305225024533,0.0304305225024533,1,5.0,5.0,NaN
6499,32469.55480000004,4.8577698635e6,232469.55480000004,4.6577698635e6,0.007461150298241854,0.007461150298241854,1,3.0,3.0,NaN
6500,32469.55480000004,5.0577698635e6,232469.55480000004,4.8577698635e6,0.0023006134969325155,0.0023006134969325155,2,2.0,2.0,0.0
6574,232469.55480000004,5.0577698635e6,432469.55480000004,4.8577698635e6,0.0020778983642203365,0.003067484662576687,3,3.0,2.0,1.7320508075688772
6575,232469.55480000004,5.2577698635e6,432469.55480000004,5.0577698635e6,0.007668711656441718,0.007668711656441718,1,2.0,2.0,NaN
6630,432469.55480000004,1.4577698635e6,632469.5548,1.2577698635e6,0.039321593774623215,0.039321593774623215,2,7.5,7.5,6.363961030678928
6643,432469.55480000004,4.0577698635e6,632469.5548,3.8577698635e6,0.0,0.0,1,3.0,3.0,NaN
6645,432469.55480000004,4.4577698635e6,632469.5548,4.2577698635e6,0.0018404907975460123,0.0018404907975460123,1,6.0,6.0,NaN
6649,432469.55480000004,5.2577698635e6,632469.5548,5.0577698635e6,0.00439910223049504,0.0020497382033213673,4,3.5,3.0,1.0
6701,632469.5548,857769.8635,832469.5548,657769.8635,0.014246649913753713,0.002194426157559798,48,5.458333333333333,4.0,3.908301766117282
6718,632469.5548,4.2577698635e6,832469.5548,4.0577698635e6,0.0,0.0,1,2.0,2.0,NaN
6719,632469.5548,4.4577698635e6,832469.5548,4.2577698635e6,0.0038583205521472395,0.0038583205521472395,1,4.0,4.0,NaN
6723,632469.5548,5.2577698635e6,832469.5548,5.0577698635e6,0.003046115059824634,0.0015455950540958269,7,5.0,5.0,2.516611478423583
6726,632469.5548,5.8577698635e6,832469.5548,5.6577698635e6,0.0087080446242607,0.0,4,2.75,2.5,0.9574271077563381
6773,832469.5548,457769.8635,1.0324695548e6,257769.86349999998,0.003067484662576687,0.003067484662576687,1,2.0,2.0,NaN
6774,832469.5548,657769.8635,1.0324695548e6,457769.8635,0.0,0.0,1,2.0,2.0,NaN
6792,832469.5548,4.2577698635e6,1.0324695548e6,4.0577698635e6,0.0,0.0,1,4.0,4.0,NaN
6796,832469.5548,5.0577698635e6,1.0324695548e6,4.8577698635e6,0.01657439273779241,0.003067484662576687,4,2.25,2.0,0.5
6797,832469.5548,5.2577698635e6,1.0324695548e6,5.0577698635e6,0.011245877920686966,0.011245877920686966,1,3.0,3.0,NaN
6799,832469.5548,5.6577698635e6,1.0324695548e6,5.4577698635e6,0.011315867836746521,0.0016025641025641027,6,2.8333333333333335,3.0,0.752772652709081
6800,832469.5548,5.8577698635e6,1.0324695548e6,5.6577698635e6,0.04638956262583028,0.04638956262583028,1,3.0,3.0,NaN
6834,1.0324695548e6,-2.1422301365e6,1.2324695548e6,-2.3422301365e6,0.054202326091727024,0.054202326091727024,1,7.0,7.0,NaN
6841,1.0324695548e6,-742230.1365,1.2324695548e6,-942230.1365,0.016712794828833775,0.0034602076124567475,11,2.090909090909091,2.0,0.30151134457776363
6870,1.0324695548e6,5.0577698635e6,1.2324695548e6,4.8577698635e6,0.0028087747774383238,0.0011594202898550724,9,3.7777777777777777,3.0,1.9860625479688307
6871,1.0324695548e6,5.2577698635e6,1.2324695548e6,5.0577698635e6,0.003067484662576687,0.003067484662576687,1,2.0,2.0,NaN
6872,1.0324695548e6,5.4577698635e6,1.2324695548e6,5.2577698635e6,0.0,0.0,1,2.0,2.0,NaN
6873,1.0324695548e6,5.6577698635e6,1.2324695548e6,5.4577698635e6,0.006513783224337608,0.0032948929159802307,11,3.909090909090909,3.0,1.3751033019046572
6874,1.0324695548e6,5.8577698635e6,1.2324695548e6,5.6577698635e6,0.010434782608695653,0.010434782608695653,1,2.0,2.0,NaN
6875,1.0324695548e6,6.0577698635e6,1.2324695548e6,5.8577698635e6,0.0007668711656441718,0.0007668711656441718,2,2.5,2.5,0.7071067811865476
6877,1.0324695548e6,6.4577698635e6,1.2324695548e6,6.2577698635e6,0.03020436531804269,0.03020436531804269,2,2.5,2.5,0.7071067811865476
6908,1.2324695548e6,-2.1422301365e6,1.4324695548e6,-2.3422301365e6,0.0010857763300760044,0.0010857763300760044,1,3.0,3.0,NaN
6909,1.2324695548e6,-1.9422301365e6,1.4324695548e6,-2.1422301365e6,0.0,0.0,1,5.0,5.0,NaN
6915,1.2324695548e6,-742230.1365,1.4324695548e6,-942230.1365,0.10506134969325152,0.10506134969325152,2,2.0,2.0,0.0
6916,1.2324695548e6,-542230.1365,1.4324695548e6,-742230.1365,0.016027791409167012,0.0015337423312883436,15,2.7333333333333334,3.0,0.7988086367179803
6943,1.2324695548e6,4.8577698635e6,1.4324695548e6,4.6577698635e6,0.01063290465956255,0.01063290465956255,1,3.0,3.0,NaN
6944,1.2324695548e6,5.0577698635e6,1.4324695548e6,4.8577698635e6,0.0036909532944595343,0.0036909532944595343,1,5.0,5.0,NaN
6945,1.2324695548e6,5.2577698635e6,1.4324695548e6,5.0577698635e6,0.0,0.0,1,8.0,8.0,NaN
6946,1.2324695548e6,5.4577698635e6,1.4324695548e6,5.2577698635e6,0.008924884827086199,0.008924884827086199,2,3.0,3.0,0.0
6947,1.2324695548e6,5.6577698635e6,1.4324695548e6,5.4577698635e6,0.00895070448445903,0.001458183226698967,12,5.083333333333333,5.0,1.6213537179739277
6948,1.2324695548e6,5.8577698635e6,1.4324695548e6,5.6577698635e6,0.0,0.0,1,4.0,4.0,NaN
6990,1.4324695548e6,-542230.1365,1.6324695548e6,-742230.1365,0.016358646291136637,0.001226993865030675,61,3.1475409836065573,3.0,1.3519870015865598
6991,1.4324695548e6,-342230.1365,1.6324695548e6,-542230.1365,0.003523026291678578,0.0015337423312883436,15,2.466666666666667,2.0,1.3020130933435707
6992,1.4324695548e6,-142230.13650000002,1.6324695548e6,-342230.1365,0.004952930981291039,0.0030721966205837174,13,2.0,2.0,0.0
7016,1.4324695548e6,4.6577698635e6,1.6324695548e6,4.4577698635e6,0.003067484662576687,0.003067484662576687,1,3.0,3.0,NaN
7017,1.4324695548e6,4.8577698635e6,1.6324695548e6,4.6577698635e6,0.0028113645839537797,0.0028113645839537797,1,5.0,5.0,NaN
7018,1.4324695548e6,5.0577698635e6,1.6324695548e6,4.8577698635e6,0.0005112474437627812,0.0005112474437627812,2,2.5,2.5,0.7071067811865476
7019,1.4324695548e6,5.2577698635e6,1.6324695548e6,5.0577698635e6,0.0016409481381630259,0.0006693587610693981,10,3.7,3.5,1.9465068427541912
7020,1.4324695548e6,5.4577698635e6,1.6324695548e6,5.2577698635e6,0.0,0.0,1,2.0,2.0,NaN
7021,1.4324695548e6,5.6577698635e6,1.6324695548e6,5.4577698635e6,0.006288232287228646,0.002313031182813812,20,5.75,5.0,3.160196529531535
7022,1.4324695548e6,5.8577698635e6,1.6324695548e6,5.6577698635e6,0.0,0.0,1,2.0,2.0,NaN
7024,1.4324695548e6,6.2577698635e6,1.6324695548e6,6.0577698635e6,0.0,0.0,1,2.0,2.0,NaN
7025,1.4324695548e6,6.4577698635e6,1.6324695548e6,6.2577698635e6,0.0,0.0,1,2.0,2.0,NaN
7064,1.6324695548e6,-542230.1365,1.8324695548e6,-742230.1365,0.010193706450886091,0.010193706450886091,1,8.0,8.0,NaN
7066,1.6324695548e6,-142230.13650000002,1.8324695548e6,-342230.1365,0.12142323120949679,0.12142323120949679,2,2.5,2.5,0.7071067811865476
7070,1.6324695548e6,657769.8635,1.8324695548e6,457769.8635,0.004505686987369355,0.002048131080389145,9,2.111111111111111,2.0,0.33333333333333337
7092,1.6324695548e6,5.0577698635e6,1.8324695548e6,4.8577698635e6,0.0015645517122820924,0.0011503067484662577,8,3.5,3.0,1.1952286093343936
7093,1.6324695548e6,5.2577698635e6,1.8324695548e6,5.0577698635e6,0.0015432098765432098,0.0015432098765432098,2,2.0,2.0,0.0
7095,1.6324695548e6,5.6577698635e6,1.8324695548e6,5.4577698635e6,0.006727448872803649,0.001610429447852761,18,5.888888888888889,5.0,2.8052238851385165
7099,1.6324695548e6,6.4577698635e6,1.8324695548e6,6.2577698635e6,0.024539877300613498,0.024539877300613498,2,2.0,2.0,0.0
7138,1.8324695548e6,-542230.1365,2.0324695548e6,-742230.1365,0.019081991917520653,0.0035398230088495575,14,2.0,2.0,0.0
7140,1.8324695548e6,-142230.13650000002,2.0324695548e6,-342230.1365,0.0015337423312883436,0.0015337423312883436,2,2.0,2.0,0.0
7142,1.8324695548e6,257769.86349999998,2.0324695548e6,57769.86349999998,0.0030721966205837174,0.0030721966205837174,1,2.0,2.0,NaN
7164,1.8324695548e6,4.6577698635e6,2.0324695548e6,4.4577698635e6,0.007298754415318831,0.0010224948875255625,5,6.0,5.0,3.5355339059327378
7165,1.8324695548e6,4.8577698635e6,2.0324695548e6,4.6577698635e6,0.004561408159614067,0.0013219398188723344,12,5.416666666666667,6.0,2.466441431158124
7166,1.8324695548e6,5.0577698635e6,2.0324695548e6,4.8577698635e6,0.013253496426016321,0.0015337423312883436,3,3.0,2.0,1.7320508075688772
7170,1.8324695548e6,5.8577698635e6,2.0324695548e6,5.6577698635e6,0.0015337423312883436,0.0015337423312883436,1,2.0,2.0,NaN
7204,2.0324695548e6,-2.1422301365e6,2.2324695548e6,-2.3422301365e6,0.03326610939909971,0.03326610939909971,1,6.0,6.0,NaN
7211,2.0324695548e6,-742230.1365,2.2324695548e6,-942230.1365,0.0,0.0,2,2.0,2.0,0.0
7214,2.0324695548e6,-142230.13650000002,2.2324695548e6,-342230.1365,0.0031938990643701837,0.0031938990643701837,2,2.5,2.5,0.7071067811865476
7237,2.0324695548e6,4.4577698635e6,2.2324695548e6,4.2577698635e6,0.00034083162917518747,0.0,3,2.6666666666666665,3.0,0.5773502691896258
7238,2.0324695548e6,4.6577698635e6,2.2324695548e6,4.4577698635e6,0.005685422760830415,0.000860048319321483,9,6.888888888888889,6.0,3.689323936863109
7239,2.0324695548e6,4.8577698635e6,2.2324695548e6,4.6577698635e6,0.0024729777911777977,0.0015337423312883436,15,6.733333333333333,6.0,4.463609472591607
7290,2.2324695548e6,257769.86349999998,2.4324695548e6,57769.86349999998,0.019417889708027873,0.004608294930875576,22,2.1363636363636362,2.0,0.46756252909607565
7291,2.2324695548e6,457769.8635,2.4324695548e6,257769.86349999998,0.00869067295110015,0.002329749103942652,38,2.8684210526315788,2.0,1.37881760218143
7312,2.2324695548e6,4.6577698635e6,2.4324695548e6,4.4577698635e6,0.016768916155419224,0.016768916155419224,2,6.0,6.0,0.0
7313,2.2324695548e6,4.8577698635e6,2.4324695548e6,4.6577698635e6,0.005074982809418878,0.002620375807398708,7,5.857142857142857,5.0,3.8483144114694947
7343,2.4324695548e6,-3.9422301365e6,2.6324695548e6,-4.1422301365e6,0.002044989775051125,0.002044989775051125,1,3.0,3.0,NaN
7386,2.4324695548e6,4.6577698635e6,2.6324695548e6,4.4577698635e6,0.007132426383618403,0.0010224948875255625,5,10.8,4.0,14.024977718342372
7438,2.6324695548e6,257769.86349999998,2.8324695548e6,57769.86349999998,0.0185997864219486,0.011258697027197976,16,3.3125,2.0,2.056493779875511
7459,2.6324695548e6,4.4577698635e6,2.8324695548e6,4.2577698635e6,0.002321708658446999,0.001575932654317311,4,2.5,2.0,1.0
7460,2.6324695548e6,4.6577698635e6,2.8324695548e6,4.4577698635e6,0.0020193980713974803,0.0003834355828220859,6,2.5,2.0,0.8366600265340756
7461,2.6324695548e6,4.8577698635e6,2.8324695548e6,4.6577698635e6,0.0,0.0,5,2.4,2.0,0.8944271909999159
7462,2.6324695548e6,5.0577698635e6,2.8324695548e6,4.8577698635e6,0.0,0.0,1,2.0,2.0,NaN
7463,2.6324695548e6,5.2577698635e6,2.8324695548e6,5.0577698635e6,0.00473186119873817,0.00473186119873817,1,2.0,2.0,NaN
7493,2.8324695548e6,-3.5422301365e6,3.0324695548e6,-3.7422301365e6,0.07698527919574143,0.07698527919574143,1,4.0,4.0,NaN
7496,2.8324695548e6,-2.9422301365e6,3.0324695548e6,-3.1422301365e6,0.01625766871165644,0.01625766871165644,1,5.0,5.0,NaN
7506,2.8324695548e6,-942230.1365,3.0324695548e6,-1.1422301365e6,0.0,0.0,1,2.0,2.0,NaN
7507,2.8324695548e6,-742230.1365,3.0324695548e6,-942230.1365,0.0,0.0,1,2.0,2.0,NaN
7512,2.8324695548e6,257769.86349999998,3.0324695548e6,57769.86349999998,0.0185316723641579,0.007680491551459293,39,3.4871794871794872,2.0,2.891655825700042
7529,2.8324695548e6,3.6577698635e6,3.0324695548e6,3.4577698635e6,0.0008873579108624223,0.0008873579108624223,1,6.0,6.0,NaN
7530,2.8324695548e6,3.8577698635e6,3.0324695548e6,3.6577698635e6,0.006727154765512987,0.006727154765512987,2,8.0,8.0,2.8284271247461903
7533,2.8324695548e6,4.4577698635e6,3.0324695548e6,4.2577698635e6,0.001411042944785276,0.0010224948875255625,5,3.2,3.0,1.6431676725154984
7534,2.8324695548e6,4.6577698635e6,3.0324695548e6,4.4577698635e6,0.0015406914803346948,0.0009713701431492844,14,3.7142857142857144,3.0,2.2677868380553634
7535,2.8324695548e6,4.8577698635e6,3.0324695548e6,4.6577698635e6,0.0,0.0,1,4.0,4.0,NaN
7568,3.0324695548e6,-3.3422301365e6,3.2324695548e6,-3.5422301365e6,0.24528301886792453,0.24528301886792453,1,2.0,2.0,NaN
7569,3.0324695548e6,-3.1422301365e6,3.2324695548e6,-3.3422301365e6,0.02680496292486054,0.02680496292486054,1,29.0,29.0,NaN
7591,3.0324695548e6,1.2577698635e6,3.2324695548e6,1.0577698635e6,0.0015360983102918587,0.0015360983102918587,1,2.0,2.0,NaN
7607,3.0324695548e6,4.4577698635e6,3.2324695548e6,4.2577698635e6,0.0,0.0,1,2.0,2.0,NaN
7608,3.0324695548e6,4.6577698635e6,3.2324695548e6,4.4577698635e6,0.020880432858793933,0.0017301038062283738,11,2.6363636363636362,2.0,1.0269106361049412
7645,3.2324695548e6,-2.7422301365e6,3.4324695548e6,-2.9422301365e6,0.141321044546851,0.141321044546851,1,2.0,2.0,NaN
7678,3.2324695548e6,3.8577698635e6,3.4324695548e6,3.6577698635e6,0.0001730902377105931,0.0,4,7.5,6.0,4.725815626252608
7679,3.2324695548e6,4.0577698635e6,3.4324695548e6,3.8577698635e6,0.0016170008767120415,0.0017889087656529517,7,7.285714285714286,6.0,4.8892496259407645
7681,3.2324695548e6,4.4577698635e6,3.4324695548e6,4.2577698635e6,0.025316892264745025,0.0007668711656441718,6,2.5,2.0,0.8366600265340756
7682,3.2324695548e6,4.6577698635e6,3.4324695548e6,4.4577698635e6,0.010882267017236344,0.0,7,2.142857142857143,2.0,0.37796447300922725
7737,3.4324695548e6,857769.8635,3.6324695548e6,657769.8635,0.00819252432155658,0.00819252432155658,1,3.0,3.0,NaN
7741,3.4324695548e6,1.6577698635e6,3.6324695548e6,1.4577698635e6,0.004676565966888548,0.0030721966205837174,3,3.3333333333333335,2.0,2.3094010767585034
7753,3.4324695548e6,4.0577698635e6,3.6324695548e6,3.8577698635e6,0.0011039745046698803,0.0,9,2.4444444444444446,2.0,0.7264831572567789
7754,3.4324695548e6,4.2577698635e6,3.6324695548e6,4.0577698635e6,0.010525661773846862,0.002556237218813906,9,3.888888888888889,3.0,2.260776661041756
7755,3.4324695548e6,4.4577698635e6,3.6324695548e6,4.2577698635e6,0.019061344550948385,0.002624849805374541,14,3.4285714285714284,3.0,1.8277470669267508
7756,3.4324695548e6,4.6577698635e6,3.6324695548e6,4.4577698635e6,0.0024923312883435586,0.0015337423312883436,8,2.875,2.0,1.807721533549109
7759,3.4324695548e6,5.2577698635e6,3.6324695548e6,5.0577698635e6,0.010835913312693499,0.010835913312693499,1,2.0,2.0,NaN
7812,3.6324695548e6,1.0577698635e6,3.8324695548e6,857769.8635,0.004608294930875576,0.004608294930875576,1,2.0,2.0,NaN
7880,3.8324695548e6,-142230.13650000002,4.0324695548e6,-342230.1365,0.013588673027502166,0.013588673027502166,1,5.0,5.0,NaN
7884,3.8324695548e6,657769.8635,4.0324695548e6,457769.8635,0.007168458781362006,0.007168458781362006,1,3.0,3.0,NaN
7904,3.8324695548e6,4.6577698635e6,4.0324695548e6,4.4577698635e6,0.0,0.0,1,2.0,2.0,NaN
8018,4.2324695548e6,-2.1422301365e6,4.4324695548e6,-2.3422301365e6,0.0,0.0,1,7.0,7.0,NaN
8095,4.4324695548e6,-1.5422301365e6,4.6324695548e6,-1.7422301365e6,0.008409785932721712,0.008409785932721712,1,4.0,4.0,NaN
8197,4.6324695548e6,4.0577698635e6,4.8324695548e6,3.8577698635e6,0.01649746192893401,0.01649746192893401,2,2.0,2.0,0.0
8432,5.2324695548e6,6.6577698635e6,5.4324695548e6,6.4577698635e6,0.0015337423312883436,0.0015337423312883436,1,2.0,2.0,NaN
8453,5.4324695548e6,-3.9422301365e6,5.6324695548e6,-4.1422301365e6,0.02399602181266128,0.01787994891443167,6,3.3333333333333335,2.0,2.422120283277993
8506,5.4324695548e6,6.6577698635e6,5.6324695548e6,6.4577698635e6,0.0,0.0,1,5.0,5.0,NaN
8930,6.6324695548e6,2.6577698635e6,6.8324695548e6,2.4577698635e6,0.0016207455429497568,0.0016207455429497568,1,2.0,2.0,NaN
9003,6.8324695548e6,2.4577698635e6,7.0324695548e6,2.2577698635e6,0.004496899003283949,0.0012395499912769806,18,2.8333333333333335,2.0,1.1504474832710556
9075,7.0324695548e6,2.0577698635e6,7.2324695548e6,1.8577698635e6,0.0,0.0,3,3.6666666666666665,4.0,1.5275252316519465
9076,7.0324695548e6,2.2577698635e6,7.2324695548e6,2.0577698635e6,0.0,0.0,1,2.0,2.0,NaN
9077,7.0324695548e6,2.4577698635e6,7.2324695548e6,2.2577698635e6,0.0032822349435826666,0.002577229057819241,4,2.5,2.0,1.0
9078,7.0324695548e6,2.6577698635e6,7.2324695548e6,2.4577698635e6,0.0529809497551433,0.0529809497551433,2,2.5,2.5,0.7071067811865476
9079,7.0324695548e6,2.8577698635e6,7.2324695548e6,2.6577698635e6,0.013008995835849836,0.013008995835849836,2,2.5,2.5,0.7071067811865476
9086,7.0324695548e6,4.2577698635e6,7.2324695548e6,4.0577698635e6,0.0,0.0,1,4.0,4.0,NaN
9146,7.2324695548e6,1.4577698635e6,7.4324695548e6,1.2577698635e6,0.03615274353604984,0.002135042735042735,9,5.0,5.0,1.3228756555322954
9151,7.2324695548e6,2.4577698635e6,7.4324695548e6,2.2577698635e6,0.01332987045345922,0.004504572279479381,22,6.863636363636363,6.0,4.464627692529405
9153,7.2324695548e6,2.8577698635e6,7.4324695548e6,2.6577698635e6,0.00991543726262555,0.003316749585406302,13,2.1538461538461537,2.0,0.5547001962252293
9179,7.4324695548e6,-6.7422301365e6,7.6324695548e6,-6.9422301365e6,0.0014778045162977076,0.0014778045162977076,1,8.0,8.0,NaN
9225,7.4324695548e6,2.4577698635e6,7.6324695548e6,2.2577698635e6,0.008259077445130958,0.004491641264490403,26,7.038461538461538,5.0,4.983819974523712
9226,7.4324695548e6,2.6577698635e6,7.6324695548e6,2.4577698635e6,0.01048951048951049,0.01048951048951049,1,2.0,2.0,NaN
9227,7.4324695548e6,2.8577698635e6,7.6324695548e6,2.6577698635e6,0.021307931462458622,0.00834951550106754,25,3.08,3.0,1.4118545723031581
9228,7.4324695548e6,3.0577698635e6,7.6324695548e6,2.8577698635e6,0.029201298662198037,0.00409626216077829,9,2.7777777777777777,2.0,1.6414763002993507
9231,7.4324695548e6,3.6577698635e6,7.6324695548e6,3.4577698635e6,0.0032061068702290076,0.0032061068702290076,2,5.0,5.0,0.0
9232,7.4324695548e6,3.8577698635e6,7.6324695548e6,3.6577698635e6,0.01692001360416106,0.0020552723212186068,10,9.0,6.0,6.782329983125268
9275,7.6324695548e6,-2.3422301365e6,7.8324695548e6,-2.5422301365e6,0.005374499714122357,0.005374499714122357,1,6.0,6.0,NaN
9300,7.6324695548e6,2.6577698635e6,7.8324695548e6,2.4577698635e6,0.004369276030989709,0.004369276030989709,2,2.5,2.5,0.7071067811865476
9301,7.6324695548e6,2.8577698635e6,7.8324695548e6,2.6577698635e6,0.016414831168891485,0.009191176470588236,13,3.076923076923077,2.0,1.7059473644448735
9303,7.6324695548e6,3.2577698635e6,7.8324695548e6,3.0577698635e6,0.005878156213164588,0.005878156213164588,1,3.0,3.0,NaN
9304,7.6324695548e6,3.4577698635e6,7.8324695548e6,3.2577698635e6,0.026870236260841805,0.004476106263762404,10,4.2,4.0,0.9189365834726815
9306,7.6324695548e6,3.8577698635e6,7.8324695548e6,3.6577698635e6,0.0005089058524173028,0.0005089058524173028,2,2.5,2.5,0.7071067811865476
9372,7.8324695548e6,2.2577698635e6,8.0324695548e6,2.0577698635e6,0.003521423900892302,0.0019265335583393865,14,4.0,3.0,2.6311740579210876
9597,8.4324695548e6,2.8577698635e6,8.6324695548e6,2.6577698635e6,0.010779680755499404,0.00245520090063955,8,3.0,2.5,1.3093073414159542
9598,8.4324695548e6,3.0577698635e6,8.6324695548e6,2.8577698635e6,0.012322566117961418,0.012496888225043567,3,2.6666666666666665,3.0,0.5773502691896258
9599,8.4324695548e6,3.2577698635e6,8.6324695548e6,3.0577698635e6,0.0028889166351530626,0.0028889166351530626,2,2.5,2.5,0.7071067811865476
9673,8.6324695548e6,3.2577698635e6,8.8324695548e6,3.0577698635e6,0.02020741208375982,0.0030943423791957338,10,3.9,4.5,1.286683937707919
9674,8.6324695548e6,3.4577698635e6,8.8324695548e6,3.2577698635e6,0.0009755036047823651,0.0013541837703219379,3,4.666666666666667,3.0,3.7859388972001824
9746,8.8324695548e6,3.0577698635e6,9.0324695548e6,2.8577698635e6,0.007155301146347128,0.0034899685969333057,24,7.416666666666667,5.0,8.541034794585421
9747,8.8324695548e6,3.2577698635e6,9.0324695548e6,3.0577698635e6,0.007441194974673614,0.00230419082793258,6,3.6666666666666665,2.0,4.08248290463863
9820,9.0324695548e6,3.0577698635e6,9.2324695548e6,2.8577698635e6,0.037800687285223365,0.037800687285223365,2,2.5,2.5,0.7071067811865476
9821,9.0324695548e6,3.2577698635e6,9.2324695548e6,3.0577698635e6,0.0009291694331875662,0.0008051529790660225,4,3.25,3.0,1.2583057392117916
9882,9.2324695548e6,657769.8635,9.4324695548e6,457769.8635,0.017119480097044337,0.004370470707499778,4,3.5,2.0,3.0
9892,9.2324695548e6,2.6577698635e6,9.4324695548e6,2.4577698635e6,0.012338193133857176,0.0030534351145038168,31,2.935483870967742,3.0,0.5736133349779416
9896,9.2324695548e6,3.4577698635e6,9.4324695548e6,3.2577698635e6,0.0,0.0,2,2.5,2.5,0.7071067811865476
9897,9.2324695548e6,3.6577698635e6,9.4324695548e6,3.4577698635e6,0.000906766992895297,0.000906766992895297,2,4.0,4.0,1.4142135623730951
9955,9.4324695548e6,457769.8635,9.6324695548e6,257769.86349999998,0.0051546325894921904,0.0051546325894921904,2,3.0,3.0,1.4142135623730951
9957,9.4324695548e6,857769.8635,9.6324695548e6,657769.8635,0.0015408320493066256,0.0015408320493066256,1,2.0,2.0,NaN
9958,9.4324695548e6,1.0577698635e6,9.6324695548e6,857769.8635,0.005884546337464533,0.0025680534155110425,7,4.142857142857143,4.0,1.7728105208558367
9959,9.4324695548e6,1.2577698635e6,9.6324695548e6,1.0577698635e6,0.0019003595274781722,0.0023112480739599386,3,4.0,4.0,2.0
9960,9.4324695548e6,1.4577698635e6,9.6324695548e6,1.2577698635e6,0.02773497688751926,0.02773497688751926,2,2.5,2.5,0.7071067811865476
9962,9.4324695548e6,1.8577698635e6,9.6324695548e6,1.6577698635e6,0.017874356589934203,0.009985842378480415,6,3.3333333333333335,2.5,1.7511900715418263
9964,9.4324695548e6,2.2577698635e6,9.6324695548e6,2.0577698635e6,0.05238828967642527,0.05238828967642527,1,2.0,2.0,NaN
9965,9.4324695548e6,2.4577698635e6,9.6324695548e6,2.2577698635e6,0.0315356959424756,0.0315356959424756,1,6.0,6.0,NaN
10029,9.6324695548e6,457769.8635,9.8324695548e6,257769.86349999998,0.0,0.0,2,4.0,4.0,1.4142135623730951
10030,9.6324695548e6,657769.8635,9.8324695548e6,457769.8635,0.0012326656394453005,0.0012326656394453005,1,5.0,5.0,NaN
10031,9.6324695548e6,857769.8635,9.8324695548e6,657769.8635,0.001807622164078568,0.001027221366204417,7,3.5714285714285716,3.0,2.878491668515698
10032,9.6324695548e6,1.0577698635e6,9.8324695548e6,857769.8635,0.0011980358282361364,0.0008124387169071298,4,6.25,6.0,4.425306015783918
10033,9.6324695548e6,1.2577698635e6,9.8324695548e6,1.0577698635e6,0.0026929003200189643,0.0026929003200189643,2,3.0,3.0,1.4142135623730951
10035,9.6324695548e6,1.6577698635e6,9.8324695548e6,1.4577698635e6,0.014848645640724186,0.014848645640724186,2,6.5,6.5,4.949747468305833
10036,9.6324695548e6,1.8577698635e6,9.8324695548e6,1.6577698635e6,0.007220519458964394,0.003933940415345261,8,9.375,8.5,7.558108228915487
10037,9.6324695548e6,2.0577698635e6,9.8324695548e6,1.8577698635e6,0.004601226993865031,0.004601226993865031,1,2.0,2.0,NaN
10038,9.6324695548e6,2.2577698635e6,9.8324695548e6,2.0577698635e6,0.05084745762711865,0.05084745762711865,1,2.0,2.0,NaN
10039,9.6324695548e6,2.4577698635e6,9.8324695548e6,2.2577698635e6,0.0023112480739599386,0.0023112480739599386,2,2.0,2.0,0.0
10040,9.6324695548e6,2.6577698635e6,9.8324695548e6,2.4577698635e6,0.03492552645095018,0.03492552645095018,1,3.0,3.0,NaN
10101,9.8324695548e6,57769.86349999998,1.00324695548e7,-142230.13650000002,0.03236883259889394,0.03236883259889394,2,4.5,4.5,2.1213203435596424
10102,9.8324695548e6,257769.86349999998,1.00324695548e7,57769.86349999998,0.004108885464817668,0.004108885464817668,1,3.0,3.0,NaN
10103,9.8324695548e6,457769.8635,1.00324695548e7,257769.86349999998,0.0004467353951890034,0.0006872852233676975,5,4.6,5.0,0.5477225575051661
10104,9.8324695548e6,657769.8635,1.00324695548e7,457769.8635,0.0014730332250729031,0.0,13,2.6923076923076925,2.0,1.1821319289469756
10105,9.8324695548e6,857769.8635,1.00324695548e7,657769.8635,0.0032100667693888037,0.0038520801232665644,4,2.25,2.0,0.5
10109,9.8324695548e6,1.6577698635e6,1.00324695548e7,1.4577698635e6,0.01083002622421799,0.004710899906063096,4,6.25,5.0,4.9916597106239795
10110,9.8324695548e6,1.8577698635e6,1.00324695548e7,1.6577698635e6,0.00772984078068824,0.0015408320493066256,5,4.2,2.0,3.0331501776206204
10111,9.8324695548e6,2.0577698635e6,1.00324695548e7,1.8577698635e6,0.018488786318192837,0.01746276322547509,3,5.666666666666667,6.0,2.516611478423583
10112,9.8324695548e6,2.2577698635e6,1.00324695548e7,2.0577698635e6,0.05765337685895033,0.041910631741140215,3,4.0,4.0,1.0
10113,9.8324695548e6,2.4577698635e6,1.00324695548e7,2.2577698635e6,0.030791223784360937,0.03328197226502311,5,4.6,4.0,2.1908902300206643
10119,9.8324695548e6,3.6577698635e6,1.00324695548e7,3.4577698635e6,0.0025793650793650793,0.002136752136752136,3,8.666666666666666,9.0,6.506407098647712
10173,1.00324695548e7,-342230.1365,1.02324695548e7,-542230.1365,0.052489177489177495,0.052489177489177495,1,3.0,3.0,NaN
10174,1.00324695548e7,-142230.13650000002,1.02324695548e7,-342230.1365,0.027497729205192698,0.027497729205192698,2,11.0,11.0,0.0
10182,1.00324695548e7,1.4577698635e6,1.02324695548e7,1.2577698635e6,0.05084745762711865,0.05084745762711865,1,2.0,2.0,NaN
10183,1.00324695548e7,1.6577698635e6,1.02324695548e7,1.4577698635e6,0.02336928608115049,0.02336928608115049,2,2.5,2.5,0.7071067811865476
10184,1.00324695548e7,1.8577698635e6,1.02324695548e7,1.6577698635e6,0.018288208966175067,0.018288208966175067,2,6.0,6.0,1.4142135623730951
10185,1.00324695548e7,2.0577698635e6,1.02324695548e7,1.8577698635e6,0.02645095017976374,0.02645095017976374,2,2.5,2.5,0.7071067811865476
10186,1.00324695548e7,2.2577698635e6,1.02324695548e7,2.0577698635e6,0.06366448618450282,0.06366448618450282,2,2.5,2.5,0.7071067811865476
10187,1.00324695548e7,2.4577698635e6,1.02324695548e7,2.2577698635e6,0.03697996918335902,0.03697996918335902,1,2.0,2.0,NaN
10193,1.00324695548e7,3.6577698635e6,1.02324695548e7,3.4577698635e6,0.0018015287445236844,0.0009098428453267166,9,10.11111111111111,5.0,9.584420228219916
10245,1.02324695548e7,-742230.1365,1.04324695548e7,-942230.1365,0.0,0.0,1,2.0,2.0,NaN
10248,1.02324695548e7,-142230.13650000002,1.04324695548e7,-342230.1365,0.003408687831558952,0.003408687831558952,1,4.0,4.0,NaN
10256,1.02324695548e7,1.4577698635e6,1.04324695548e7,1.2577698635e6,0.0030816640986132517,0.0030816640986132517,1,5.0,5.0,NaN
10258,1.02324695548e7,1.8577698635e6,1.04324695548e7,1.6577698635e6,0.004108885464817668,0.004108885464817668,1,6.0,6.0,NaN
10260,1.02324695548e7,2.2577698635e6,1.04324695548e7,2.0577698635e6,0.0,0.0,1,2.0,2.0,NaN
10267,1.02324695548e7,3.6577698635e6,1.04324695548e7,3.4577698635e6,0.003028087157169392,0.002144607843137255,9,8.222222222222221,8.0,5.044248650140519
10323,1.04324695548e7,57769.86349999998,1.06324695548e7,-142230.13650000002,0.0,0.0,1,2.0,2.0,NaN
10397,1.06324695548e7,57769.86349999998,1.08324695548e7,-142230.13650000002,0.0010240679565832942,0.0010240679565832942,1,3.0,3.0,NaN
10410,1.06324695548e7,2.6577698635e6,1.08324695548e7,2.4577698635e6,0.014925373134328358,0.014925373134328358,1,2.0,2.0,NaN
10470,1.08324695548e7,-142230.13650000002,1.10324695548e7,-342230.1365,0.0,0.0,1,2.0,2.0,NaN
10472,1.08324695548e7,257769.86349999998,1.10324695548e7,57769.86349999998,0.0015337423312883436,0.0015337423312883436,1,2.0,2.0,NaN
10489,1.08324695548e7,3.6577698635e6,1.10324695548e7,3.4577698635e6,0.004003006705074375,0.0020032051282051285,7,9.571428571428571,8.0,4.825527358301296
10490,1.08324695548e7,3.8577698635e6,1.10324695548e7,3.6577698635e6,0.0,0.0,1,3.0,3.0,NaN
10525,1.10324695548e7,-3.9422301365e6,1.12324695548e7,-4.1422301365e6,0.04561918446185889,0.04561918446185889,1,3.0,3.0,NaN
10546,1.10324695548e7,257769.86349999998,1.12324695548e7,57769.86349999998,0.0020950862562341592,0.0020950862562341592,2,2.5,2.5,0.7071067811865476
10563,1.10324695548e7,3.6577698635e6,1.12324695548e7,3.4577698635e6,0.003378118647927283,0.0016025641025641025,15,12.0,8.0,9.211793682944862
10702,1.14324695548e7,1.8577698635e6,1.16324695548e7,1.6577698635e6,0.004172029979523974,0.0039043675671856736,3,5.0,5.0,0.0
10703,1.14324695548e7,2.0577698635e6,1.16324695548e7,1.8577698635e6,0.006840946825845982,0.006840946825845982,2,4.5,4.5,0.7071067811865476
10776,1.16324695548e7,1.8577698635e6,1.18324695548e7,1.6577698635e6,0.009267707836608451,0.0020967195823342446,12,7.25,5.0,6.890375369112537
10777,1.16324695548e7,2.0577698635e6,1.18324695548e7,1.8577698635e6,0.0050102886195092875,0.0015748031496062992,7,7.0,4.0,7.118052168020874
10786,1.16324695548e7,3.8577698635e6,1.18324695548e7,3.6577698635e6,0.0,0.0,1,2.0,2.0,NaN
10828,1.18324695548e7,-2.5422301365e6,1.20324695548e7,-2.7422301365e6,0.0,0.0,1,3.0,3.0,NaN
10906,1.20324695548e7,-1.7422301365e6,1.22324695548e7,-1.9422301365e6,0.0,0.0,1,2.0,2.0,NaN
10921,1.20324695548e7,1.2577698635e6,1.22324695548e7,1.0577698635e6,0.0,0.0,2,3.5,3.5,2.1213203435596424
10923,1.20324695548e7,1.6577698635e6,1.22324695548e7,1.4577698635e6,0.0,0.0,1,3.0,3.0,NaN
10924,1.20324695548e7,1.8577698635e6,1.22324695548e7,1.6577698635e6,0.0019760661706957196,0.0015587681959884961,4,4.75,5.0,1.2583057392117916
11062,1.24324695548e7,-142230.13650000002,1.26324695548e7,-342230.1365,0.008205128205128205,0.008205128205128205,1,6.0,6.0,NaN
11063,1.24324695548e7,57769.86349999998,1.26324695548e7,-142230.13650000002,0.001005128205128205,0.0,5,5.6,6.0,0.5477225575051661
11136,1.26324695548e7,-142230.13650000002,1.28324695548e7,-342230.1365,0.0008776223776223776,0.0005641025641025641,8,6.75,6.0,3.494894235064305
11137,1.26324695548e7,57769.86349999998,1.28324695548e7,-142230.13650000002,0.0025904977375565603,0.0025904977375565603,2,9.5,9.5,10.606601717798213
11199,1.28324695548e7,-2.3422301365e6,1.30324695548e7,-2.5422301365e6,0.0,0.0,1,4.0,4.0,NaN
11209,1.28324695548e7,-342230.1365,1.30324695548e7,-542230.1365,0.0016572430418584265,0.0005128205128205128,11,8.090909090909092,6.0,6.7149764773161404
11210,1.28324695548e7,-142230.13650000002,1.30324695548e7,-342230.1365,0.0039277167277167275,0.0009230769230769233,5,9.8,6.0,6.496152707564685
11211,1.28324695548e7,57769.86349999998,1.30324695548e7,-142230.13650000002,0.0014580191050779288,0.0014580191050779288,1,18.0,18.0,NaN
11283,1.30324695548e7,-342230.1365,1.32324695548e7,-542230.1365,0.003854700854700856,0.0009401709401709404,4,6.0,6.0,2.449489742783178
11284,1.30324695548e7,-142230.13650000002,1.32324695548e7,-342230.1365,0.0002564102564102564,0.0002564102564102564,2,6.0,6.0,0.0
11306,1.30324695548e7,4.2577698635e6,1.32324695548e7,4.0577698635e6,0.0305761250055024,0.0305761250055024,2,11.0,11.0,12.727922061357855
11400,1.34324695548e7,-6.5422301365e6,1.36324695548e7,-6.7422301365e6,0.003352201562672687,0.001786248690707766,4,7.25,3.5,7.847504911329036
11429,1.34324695548e7,-742230.1365,1.36324695548e7,-942230.1365,0.0,0.0,1,2.0,2.0,NaN
11431,1.34324695548e7,-342230.1365,1.36324695548e7,-542230.1365,0.0,0.0,1,2.0,2.0,NaN
11432,1.34324695548e7,-142230.13650000002,1.36324695548e7,-342230.1365,0.003076923076923077,0.003076923076923077,1,2.0,2.0,NaN
11474,1.36324695548e7,-6.5422301365e6,1.38324695548e7,-6.7422301365e6,0.0019501442669992354,0.002196178178306152,3,8.0,8.0,5.0
11548,1.38324695548e7,-6.5422301365e6,1.40324695548e7,-6.7422301365e6,0.002127072358335588,0.002127072358335588,2,5.0,5.0,2.8284271247461903
11557,1.38324695548e7,-4.7422301365e6,1.40324695548e7,-4.9422301365e6,0.0,0.0,1,4.0,4.0,NaN
11634,1.40324695548e7,-4.1422301365e6,1.42324695548e7,-4.3422301365e6,0.0007633587786259542,0.0007633587786259542,1,4.0,4.0,NaN
11797,1.44324695548e7,-1.1422301365e6,1.46324695548e7,-1.3422301365e6,0.0,0.0,1,2.0,2.0,NaN
11859,1.46324695548e7,-3.5422301365e6,1.48324695548e7,-3.7422301365e6,0.004580152671755725,0.004580152671755725,1,2.0,2.0,NaN
11860,1.46324695548e7,-3.3422301365e6,1.48324695548e7,-3.5422301365e6,0.0007582346423385918,0.0004532050635182258,4,6.5,6.0,1.0
12286,1.58324695548e7,-6.9422301365e6,1.60324695548e7,-7.1422301365e6,0.01078582434514638,0.01078582434514638,1,2.0,2.0,NaN
12434,1.62324695548e7,-6.9422301365e6,1.64324695548e7,-7.1422301365e6,0.002571110764692238,0.002571110764692238,2,4.0,4.0,2.8284271247461903
12508,1.64324695548e7,-6.9422301365e6,1.66324695548e7,-7.1422301365e6,0.001796847220576034,0.001796847220576034,1,4.0,4.0,NaN
12730,1.70324695548e7,-6.9422301365e6,1.72324695548e7,-7.1422301365e6,0.0014439204230615723,0.0014439204230615723,2,2.5,2.5,0.7071067811865476
